owner,Gender,isGenderNeutral,totalCommit,revExp,review_count,tenure
1,0,0,0,0,0,1
1,0,0,1,1,0,3
1,0,0,3,13,3,5
1,0,0,5,41,0,30
1,0,0,8,57,0,47
1,0,0,10,74,0,78
3,0,0,4,1,2,1
3,0,0,12,5,6,2
3,0,0,16,11,5,3
3,0,0,22,20,7,4
3,0,0,29,26,4,5
3,0,0,35,38,3,6
3,0,0,42,40,2,7
3,0,0,46,57,0,8
3,0,0,47,63,0,9
3,0,0,49,69,0,10
3,0,0,52,84,0,11
3,0,0,60,98,1,12
3,0,0,69,103,9,13
3,0,0,72,113,5,14
3,0,0,79,123,8,15
3,0,0,84,134,0,16
3,0,0,89,161,13,17
3,0,0,95,179,11,18
3,0,0,99,203,1,19
3,0,0,105,223,17,20
3,0,0,118,244,28,21
3,0,0,134,309,6,23
3,0,0,145,322,6,24
3,0,0,150,335,3,25
3,0,0,157,348,17,26
3,0,0,165,372,11,27
3,0,0,175,386,19,28
3,0,0,184,403,6,29
3,0,0,194,415,11,30
3,0,0,205,433,4,31
3,0,0,214,441,6,32
3,0,0,223,444,7,33
3,0,0,230,461,8,34
3,0,0,235,485,2,35
3,0,0,238,494,13,36
3,0,0,242,508,2,37
3,0,0,251,525,19,38
3,0,0,263,549,10,39
3,0,0,271,571,22,40
3,0,0,281,593,13,41
3,0,0,291,612,12,42
3,0,0,306,644,18,43
3,0,0,318,659,4,44
3,0,0,327,677,9,45
3,0,0,340,687,11,46
3,0,0,353,703,6,47
3,0,0,363,709,8,48
3,0,0,372,718,9,49
3,0,0,390,723,10,50
3,0,0,406,736,4,51
3,0,0,412,752,3,53
3,0,0,418,767,1,55
3,0,0,424,772,5,56
3,0,0,430,778,2,57
3,0,0,438,783,4,58
3,0,0,448,786,1,59
3,0,0,454,796,4,61
3,0,0,458,804,4,62
3,0,0,462,809,5,63
3,0,0,470,815,3,64
3,0,0,478,820,3,65
3,0,0,484,823,6,66
3,0,0,492,829,3,67
3,0,0,501,837,4,68
3,0,0,507,844,10,69
3,0,0,514,857,5,70
3,0,0,524,865,7,71
3,0,0,532,869,3,72
3,0,0,540,879,10,73
3,0,0,549,888,0,74
3,0,0,556,896,11,75
3,0,0,563,910,10,76
3,0,0,569,922,4,77
3,0,0,575,936,14,78
3,0,0,580,952,23,79
3,0,0,590,980,15,80
3,0,0,599,1002,5,81
3,0,0,602,1012,2,82
3,0,0,610,1027,20,83
3,0,0,620,1046,13,84
3,0,0,628,1058,15,85
3,0,0,637,1084,16,86
3,0,0,641,1094,0,87
3,0,0,644,1114,16,88
3,0,0,647,1133,0,89
3,0,0,649,1140,1,90
7,0,0,2,12,15,1
7,0,0,7,41,31,2
7,0,0,11,84,14,3
7,0,0,16,127,14,4
7,0,0,26,142,7,5
7,0,0,36,161,12,6
7,0,0,41,187,16,7
7,0,0,51,211,23,8
7,0,0,65,238,19,9
7,0,0,92,251,7,10
7,0,0,114,281,18,11
7,0,0,119,305,18,12
7,0,0,126,337,22,13
7,0,0,145,359,25,14
7,0,0,167,391,57,15
7,0,0,187,466,29,16
7,0,0,210,493,16,17
7,0,0,230,530,25,18
7,0,0,252,558,41,19
7,0,0,275,598,35,20
7,0,0,287,626,12,21
7,0,0,295,638,18,22
7,0,0,302,668,0,23
7,0,0,304,705,0,24
7,0,0,306,711,4,25
7,0,0,307,752,0,28
7,0,0,313,766,27,29
7,0,0,322,800,19,30
7,0,0,330,829,28,31
7,0,0,337,854,13,32
7,0,0,341,868,15,33
7,0,0,346,911,41,34
7,0,0,352,936,1,35
7,0,0,362,980,42,36
7,0,0,379,1028,46,37
7,0,0,390,1054,6,38
7,0,0,393,1062,0,39
7,0,0,395,1073,5,40
7,0,0,397,1088,0,42
7,0,0,399,1092,0,43
7,0,0,402,1103,1,44
7,0,0,404,1122,0,46
7,0,0,405,1122,0,48
7,0,0,406,1125,0,50
7,0,0,407,1128,0,61
7,0,0,411,1141,14,62
7,0,0,419,1173,19,63
7,0,0,439,1216,49,64
7,0,0,459,1258,20,65
7,0,0,465,1317,29,69
7,0,0,472,1354,16,70
7,0,0,481,1379,33,71
7,0,0,485,1436,0,75
8,0,0,4,7,3,1
8,0,0,8,8,0,2
8,0,0,10,10,0,3
8,0,0,12,11,1,4
11,0,0,0,42,0,1
11,0,0,2,45,0,4
11,0,0,4,55,0,28
11,0,0,5,55,0,31
11,0,0,7,55,0,32
11,0,0,13,56,1,33
12,0,0,1,0,0,1
12,0,0,4,11,3,4
12,0,0,8,26,3,8
12,0,0,10,27,0,9
12,0,0,12,29,0,10
12,0,0,15,31,0,11
12,0,0,19,35,3,12
12,0,0,26,42,7,13
12,0,0,35,47,2,14
12,0,0,54,50,4,15
12,0,0,70,52,3,16
12,0,0,105,56,8,17
12,0,0,169,73,10,18
12,0,0,212,78,4,19
12,0,0,231,88,18,20
12,0,0,250,113,39,21
12,0,0,288,138,6,22
12,0,0,319,148,7,23
12,0,0,338,158,7,24
12,0,0,356,166,13,25
12,0,0,366,182,9,26
12,0,0,378,193,12,27
12,0,0,392,206,9,28
12,0,0,405,215,6,29
12,0,0,408,218,0,30
12,0,0,412,230,5,31
12,0,0,422,236,9,32
12,0,0,431,248,7,33
12,0,0,441,253,5,34
12,0,0,458,259,4,35
12,0,0,470,265,5,36
12,0,0,477,270,2,37
12,0,0,484,274,1,38
12,0,0,494,278,4,39
12,0,0,510,283,7,40
12,0,0,525,293,9,41
12,0,0,538,306,9,42
12,0,0,546,316,9,43
12,0,0,550,327,2,44
12,0,0,554,331,1,45
12,0,0,558,334,1,46
12,0,0,563,340,2,47
12,0,0,568,347,7,49
12,0,0,574,356,3,50
12,0,0,582,359,1,51
12,0,0,591,360,2,52
12,0,0,601,364,1,53
12,0,0,611,365,2,54
12,0,0,623,367,1,55
12,0,0,637,370,4,56
12,0,0,655,375,4,57
12,0,0,670,381,3,58
12,0,0,679,389,7,59
12,0,0,686,394,6,60
12,0,0,691,398,3,61
12,0,0,696,407,3,62
12,0,0,706,409,1,63
12,0,0,716,416,6,64
12,0,0,724,419,1,65
12,0,0,731,422,1,66
12,0,0,738,424,3,67
12,0,0,742,427,5,68
12,0,0,746,440,6,69
12,0,0,752,448,2,70
12,0,0,759,453,9,71
12,0,0,772,466,12,72
12,0,0,783,474,0,73
12,0,0,790,478,4,74
12,0,0,796,479,0,75
12,0,0,804,481,4,76
12,0,0,814,485,2,77
12,0,0,825,491,10,78
12,0,0,838,499,5,79
12,0,0,849,506,0,82
101,1,0,2,7,5,1
101,1,0,5,18,1,2
101,1,0,10,23,3,3
101,1,0,15,24,0,4
101,1,0,18,30,0,5
101,1,0,22,36,4,6
101,1,0,26,41,6,7
101,1,0,29,46,1,8
101,1,0,30,46,0,9
101,1,0,33,55,6,10
101,1,0,38,62,4,11
101,1,0,42,65,2,12
101,1,0,45,68,1,13
101,1,0,49,72,4,14
101,1,0,54,83,8,15
101,1,0,59,101,12,16
101,1,0,62,107,0,17
101,1,0,64,116,0,18
101,1,0,65,116,0,19
101,1,0,69,122,1,20
101,1,0,77,135,6,21
101,1,0,85,143,11,22
101,1,0,89,157,6,23
101,1,0,90,165,0,24
101,1,0,92,175,3,25
101,1,0,94,182,4,26
101,1,0,97,196,1,28
101,1,0,99,214,3,29
101,1,0,103,228,12,30
101,1,0,106,238,6,31
101,1,0,108,245,0,32
101,1,0,109,259,0,33
101,1,0,111,266,7,34
101,1,0,112,278,0,36
101,1,0,116,291,6,37
101,1,0,122,299,8,38
101,1,0,127,313,12,39
101,1,0,133,331,13,40
101,1,0,138,342,4,41
101,1,0,145,356,9,42
101,1,0,149,371,0,43
101,1,0,150,388,0,44
101,1,0,151,400,0,45
101,1,0,153,426,1,46
101,1,0,155,436,6,47
101,1,0,158,460,2,49
101,1,0,160,496,0,51
101,1,0,163,505,4,52
101,1,0,167,514,3,53
101,1,0,169,524,1,54
101,1,0,171,536,2,55
101,1,0,174,546,0,56
101,1,0,177,548,2,57
101,1,0,179,589,3,62
101,1,0,181,605,0,64
101,1,0,183,612,1,65
101,1,0,187,615,5,66
101,1,0,191,624,0,67
101,1,0,194,627,5,68
101,1,0,197,635,5,69
101,1,0,200,656,11,71
101,1,0,202,663,0,72
101,1,0,203,684,0,74
101,1,0,205,689,2,75
101,1,0,208,697,0,76
101,1,0,210,702,0,77
101,1,0,212,705,0,78
101,1,0,214,715,3,79
101,1,0,216,732,0,80
101,1,0,218,739,0,82
101,1,0,220,759,1,83
101,1,0,221,762,0,84
101,1,0,222,770,0,85
101,1,0,227,779,6,86
101,1,0,232,785,2,87
101,1,0,234,792,5,88
101,1,0,237,797,1,89
101,1,0,239,798,1,90
101,1,0,243,802,4,91
101,1,0,247,815,5,92
101,1,0,251,822,2,93
101,1,0,258,827,4,94
101,1,0,264,831,4,95
101,1,0,270,836,7,96
101,1,0,273,845,0,97
101,1,0,277,852,3,98
101,1,0,282,860,0,99
101,1,0,284,861,0,100
101,1,0,289,865,0,101
101,1,0,295,869,5,102
101,1,0,301,879,6,104
101,1,0,303,884,0,105
101,1,0,304,895,0,106
101,1,0,309,896,1,107
101,1,0,314,900,0,108
101,1,0,319,901,1,109
101,1,0,327,906,1,110
101,1,0,331,908,4,111
101,1,0,334,913,1,112
101,1,0,339,916,1,113
101,1,0,345,921,2,114
101,1,0,349,930,3,115
101,1,0,354,937,2,116
101,1,0,360,938,1,117
101,1,0,365,942,4,118
101,1,0,368,948,6,119
101,1,0,370,957,0,120
101,1,0,371,959,0,121
101,1,0,373,960,1,122
101,1,0,375,962,1,123
103,0,0,3,4,8,1
103,0,0,12,11,4,2
103,0,0,26,16,5,3
103,0,0,37,22,3,4
103,0,0,44,31,5,5
103,0,0,52,34,2,6
103,0,0,60,40,3,7
103,0,0,69,45,2,8
103,0,0,76,51,6,9
103,0,0,83,56,2,10
103,0,0,92,64,3,11
103,0,0,99,68,3,12
103,0,0,104,74,7,13
103,0,0,110,80,3,14
103,0,0,119,90,10,15
103,0,0,129,104,23,16
103,0,0,139,132,16,17
103,0,0,149,148,6,18
103,0,0,164,152,5,19
103,0,0,176,158,1,20
103,0,0,179,165,0,21
103,0,0,182,175,14,22
103,0,0,186,186,5,23
103,0,0,192,204,14,24
103,0,0,198,221,13,25
103,0,0,201,235,7,26
103,0,0,205,251,4,27
103,0,0,210,262,18,28
103,0,0,212,272,0,29
103,0,0,213,281,0,30
103,0,0,218,288,8,31
103,0,0,224,295,2,32
103,0,0,227,307,1,33
103,0,0,232,313,5,34
103,0,0,237,321,8,35
103,0,0,244,331,11,36
103,0,0,249,344,3,37
103,0,0,254,353,4,38
103,0,0,261,365,9,39
103,0,0,266,371,3,40
103,0,0,271,377,7,41
103,0,0,279,390,12,42
103,0,0,286,404,12,43
103,0,0,290,408,1,44
103,0,0,294,414,12,45
103,0,0,300,433,9,46
103,0,0,307,444,11,47
103,0,0,311,467,8,49
103,0,0,313,476,3,50
103,0,0,316,479,3,51
103,0,0,319,487,3,52
103,0,0,321,498,4,53
103,0,0,323,504,1,54
103,0,0,327,509,8,55
103,0,0,330,518,0,56
103,0,0,332,519,2,57
103,0,0,335,524,2,58
103,0,0,337,543,1,63
103,0,0,338,553,0,64
103,0,0,340,559,1,65
103,0,0,342,566,2,67
103,0,0,344,570,1,68
103,0,0,348,576,2,69
103,0,0,352,578,1,70
103,0,0,354,606,0,73
103,0,0,357,610,2,74
103,0,0,372,614,5,75
103,0,0,397,623,13,76
103,0,0,411,634,4,77
103,0,0,413,640,0,78
103,0,0,415,658,1,80
103,0,0,417,681,2,81
103,0,0,418,687,0,82
103,0,0,421,690,6,83
103,0,0,424,698,0,84
103,0,0,427,705,3,85
103,0,0,432,714,6,86
103,0,0,435,721,1,89
103,0,0,439,734,7,91
103,0,0,444,738,0,92
103,0,0,447,744,0,93
103,0,0,449,751,0,94
103,0,0,451,754,1,95
103,0,0,452,767,0,97
103,0,0,453,770,0,101
103,0,0,455,776,0,103
103,0,0,456,777,0,104
103,0,0,457,777,0,105
103,0,0,459,791,0,109
103,0,0,460,799,0,111
103,0,0,462,804,1,112
103,0,0,464,805,2,113
103,0,0,465,808,0,115
103,0,0,466,812,0,116
103,0,0,467,814,0,117
103,0,0,469,814,0,118
103,0,0,472,815,2,119
103,0,0,475,817,2,120
103,0,0,478,818,0,121
103,0,0,480,822,0,123
104,0,0,1,2,0,1
104,0,0,5,6,3,2
104,0,0,11,12,6,3
104,0,0,18,14,2,4
104,0,0,27,19,2,5
104,0,0,35,25,1,6
104,0,0,42,34,12,7
104,0,0,54,47,12,8
104,0,0,68,56,7,9
104,0,0,76,64,0,10
104,0,0,83,77,12,11
104,0,0,92,87,7,12
104,0,0,101,96,8,13
104,0,0,110,118,18,14
104,0,0,117,141,20,15
104,0,0,128,161,20,16
104,0,0,144,186,27,17
104,0,0,159,206,12,18
104,0,0,177,235,38,19
104,0,0,198,269,30,20
104,0,0,212,291,15,21
104,0,0,249,302,11,22
104,0,0,286,322,10,23
104,0,0,299,342,23,24
104,0,0,311,357,13,25
104,0,0,318,373,15,26
104,0,0,323,391,11,27
104,0,0,328,409,5,28
104,0,0,332,423,7,29
104,0,0,338,438,8,31
104,0,0,345,444,0,32
104,0,0,347,454,0,33
104,0,0,353,466,19,34
104,0,0,362,478,0,35
104,0,0,368,486,1,36
104,0,0,374,494,10,37
104,0,0,381,512,15,38
104,0,0,385,517,0,39
104,0,0,388,527,13,40
104,0,0,392,538,2,41
104,0,0,398,542,5,42
104,0,0,404,550,1,43
104,0,0,410,563,7,44
104,0,0,416,569,1,45
104,0,0,420,575,3,46
104,0,0,423,579,0,47
104,0,0,426,582,0,48
104,0,0,429,588,1,49
104,0,0,433,594,3,50
104,0,0,435,595,0,51
104,0,0,440,604,7,52
104,0,0,445,609,0,53
104,0,0,447,619,0,54
104,0,0,451,638,6,55
104,0,0,454,645,6,56
104,0,0,457,653,5,57
104,0,0,459,662,0,58
104,0,0,461,672,1,59
104,0,0,462,679,0,60
104,0,0,464,681,0,61
104,0,0,466,689,5,62
104,0,0,468,702,0,64
104,0,0,470,706,2,65
104,0,0,472,714,0,66
104,0,0,475,721,3,67
104,0,0,480,732,7,69
104,0,0,488,741,4,70
104,0,0,492,754,0,71
104,0,0,499,773,0,72
104,0,0,507,782,8,73
104,0,0,510,791,7,74
104,0,0,514,820,33,75
104,0,0,519,843,23,76
104,0,0,523,860,5,77
104,0,0,527,870,3,78
104,0,0,529,874,0,79
108,0,0,5,0,0,1
108,0,0,14,1,0,2
108,0,0,18,2,0,3
108,0,0,19,3,0,11
108,0,0,21,3,0,12
108,0,0,22,4,0,14
108,0,0,24,7,0,18
108,0,0,25,17,0,26
108,0,0,26,17,0,27
108,0,0,28,18,0,32
108,0,0,29,18,0,33
109,0,0,5,1,1,1
109,0,0,13,2,0,3
109,0,0,18,2,0,4
109,0,0,21,2,0,5
109,0,0,22,2,0,6
109,0,0,23,9,0,11
109,0,0,25,11,3,12
109,0,0,32,14,2,13
109,0,0,38,17,0,15
109,0,0,39,19,0,16
109,0,0,42,21,1,17
109,0,0,46,21,0,18
109,0,0,50,24,1,20
109,0,0,55,28,3,21
109,0,0,62,30,3,22
109,0,0,71,34,4,23
109,0,0,78,37,0,24
109,0,0,79,46,0,25
109,0,0,85,57,2,26
109,0,0,91,60,1,27
109,0,0,94,63,0,28
109,0,0,95,66,0,29
109,0,0,97,68,2,30
109,0,0,98,71,0,31
109,0,0,100,73,3,32
109,0,0,102,85,4,34
109,0,0,105,99,0,37
109,0,0,107,106,0,39
109,0,0,109,113,5,40
109,0,0,110,127,0,46
109,0,0,111,133,0,48
109,0,0,113,139,0,52
109,0,0,114,141,0,53
109,0,0,115,141,0,54
109,0,0,118,150,0,59
109,0,0,124,151,0,60
109,0,0,129,151,0,61
109,0,0,133,160,5,63
109,0,0,139,165,2,64
109,0,0,143,169,0,65
109,0,0,144,173,0,66
109,0,0,146,176,0,67
110,0,0,1,1,0,1
110,0,0,3,5,2,2
110,0,0,7,17,6,3
110,0,0,11,41,0,7
110,0,0,12,44,0,8
110,0,0,14,64,13,9
110,0,0,15,76,0,10
110,0,0,16,108,0,11
110,0,0,17,109,0,13
110,0,0,19,113,2,15
110,0,0,20,114,0,16
110,0,0,21,118,0,17
110,0,0,22,121,0,18
110,0,0,23,127,0,21
110,0,0,26,128,1,22
110,0,0,29,128,0,23
110,0,0,32,140,12,24
110,0,0,36,148,0,25
110,0,0,38,153,0,26
110,0,0,40,154,0,27
110,0,0,43,158,0,28
110,0,0,45,160,0,30
110,0,0,47,163,0,33
110,0,0,48,164,0,36
110,0,0,51,164,0,74
111,0,0,1,2,0,1
111,0,0,3,2,0,3
111,0,0,4,4,0,8
111,0,0,6,32,4,18
111,0,0,7,50,0,25
111,0,0,8,51,0,27
111,0,0,10,53,0,29
111,0,0,11,57,0,30
111,0,0,13,58,0,31
111,0,0,14,60,0,32
111,0,0,16,71,0,34
111,0,0,18,71,0,35
111,0,0,20,71,0,37
111,0,0,21,71,0,39
111,0,0,22,71,0,41
111,0,0,23,71,0,43
111,0,0,25,71,0,44
111,0,0,27,73,0,47
111,0,0,30,74,1,48
111,0,0,33,77,0,51
111,0,0,35,78,0,52
111,0,0,36,79,0,53
111,0,0,37,82,0,55
111,0,0,38,82,0,56
111,0,0,40,88,1,59
111,0,0,41,89,0,60
111,0,0,45,91,1,61
111,0,0,48,91,0,62
111,0,0,49,94,0,66
111,0,0,50,95,0,68
111,0,0,51,98,0,72
111,0,0,54,102,2,74
111,0,0,57,105,2,75
111,0,0,58,113,0,76
111,0,0,61,117,3,78
111,0,0,63,120,0,79
111,0,0,64,125,0,80
111,0,0,65,129,0,81
111,0,0,66,130,0,82
111,0,0,67,134,0,84
111,0,0,68,138,0,85
111,0,0,71,141,1,86
111,0,0,74,148,3,87
111,0,0,75,193,0,100
111,0,0,76,205,0,103
111,0,0,77,221,0,107
112,0,0,1,2,6,1
112,0,0,4,43,13,2
112,0,0,7,150,54,4
112,0,0,11,216,3,5
112,0,0,15,319,15,7
112,0,0,18,368,33,8
112,0,0,23,462,21,10
112,0,0,26,544,0,11
112,0,0,28,593,18,12
112,0,0,30,627,10,13
112,0,0,32,676,0,14
112,0,0,35,784,50,15
112,0,0,40,848,58,16
112,0,0,45,968,35,17
112,0,0,48,1053,0,18
112,0,0,51,1089,49,19
112,0,0,54,1195,70,20
112,0,0,58,1393,178,21
112,0,0,65,1574,109,22
112,0,0,69,1786,0,24
112,0,0,71,1980,14,25
112,0,0,74,2092,131,26
112,0,0,79,2261,141,27
112,0,0,83,2426,0,28
112,0,0,88,2502,93,29
112,0,0,94,2708,107,31
112,0,0,100,2812,80,32
112,0,0,107,2950,92,33
112,0,0,116,3041,96,34
112,0,0,123,3145,7,35
112,0,0,127,3243,53,36
112,0,0,133,3322,74,37
112,0,0,140,3416,111,38
112,0,0,146,3543,109,39
112,0,0,155,3672,64,40
112,0,0,167,3778,90,41
112,0,0,172,3928,99,42
112,0,0,176,4067,77,43
112,0,0,183,4160,73,44
112,0,0,193,4291,56,45
112,0,0,201,4344,23,46
112,0,0,204,4453,0,47
112,0,0,206,4738,58,49
112,0,0,209,4849,62,50
112,0,0,214,4886,21,51
112,0,0,223,5005,44,52
112,0,0,232,5046,29,53
112,0,0,234,5108,0,54
112,0,0,235,5230,0,55
112,0,0,237,5275,36,56
112,0,0,241,5372,40,57
112,0,0,245,5442,7,58
112,0,0,246,5618,0,60
112,0,0,253,5684,0,61
112,0,0,261,5773,0,62
112,0,0,263,5809,44,63
112,0,0,267,5880,43,64
112,0,0,272,6027,88,65
112,0,0,278,6090,69,66
112,0,0,283,6181,23,67
112,0,0,287,6245,20,68
112,0,0,290,6288,20,69
112,0,0,291,6338,0,70
112,0,0,292,6555,0,72
112,0,0,295,6605,7,73
112,0,0,298,6678,1,74
112,0,0,299,6691,0,75
112,0,0,302,6813,51,76
112,0,0,305,6954,62,78
112,0,0,307,7015,0,79
112,0,0,310,7078,10,80
112,0,0,314,7148,0,81
112,0,0,316,7249,7,83
112,0,0,318,7361,13,85
112,0,0,321,7525,19,87
112,0,0,325,7657,43,89
112,0,0,328,7696,0,90
112,0,0,329,7744,0,91
112,0,0,330,7878,0,94
112,0,0,333,7998,69,95
112,0,0,335,8103,0,96
112,0,0,336,8168,0,97
112,0,0,339,8269,25,98
112,0,0,342,8332,0,99
112,0,0,343,8357,0,100
112,0,0,345,8480,21,101
112,0,0,349,8572,56,102
112,0,0,354,8717,85,103
112,0,0,358,8763,0,104
112,0,0,361,8925,14,105
112,0,0,367,9069,63,106
112,0,0,372,9522,0,111
112,0,0,376,9705,43,112
112,0,0,382,9764,52,113
112,0,0,390,9881,63,114
112,0,0,396,9972,0,115
112,0,0,397,10069,0,116
112,0,0,399,10156,45,117
112,0,0,405,10255,61,119
112,0,0,410,10319,0,120
112,0,0,412,10372,18,121
112,0,0,414,10410,0,122
112,0,0,415,10458,0,123
114,0,0,3,22,4,1
114,0,0,7,27,0,2
114,0,0,10,42,0,12
114,0,0,11,45,0,14
114,0,0,12,67,0,25
114,0,0,15,69,0,27
114,0,0,18,82,0,45
114,0,0,19,86,0,56
114,0,0,20,94,0,64
114,0,0,21,103,0,72
114,0,0,25,104,0,75
116,0,0,6,3,1,1
116,0,0,27,18,11,2
116,0,0,52,22,3,3
116,0,0,65,39,12,4
116,0,0,74,49,7,5
116,0,0,81,56,2,6
116,0,0,83,59,0,7
116,0,0,85,83,0,13
116,0,0,87,83,0,14
116,0,0,88,94,0,20
116,0,0,89,126,0,30
116,0,0,91,145,0,40
116,0,0,93,150,1,41
116,0,0,96,154,0,42
116,0,0,98,157,1,43
116,0,0,101,176,0,58
116,0,0,107,176,0,59
116,0,0,110,176,0,60
116,0,0,113,182,0,67
116,0,0,116,182,0,68
116,0,0,118,183,0,75
116,0,0,120,183,0,76
116,0,0,122,186,0,79
116,0,0,127,187,3,80
116,0,0,132,190,0,86
117,0,0,0,29,0,1
117,0,0,2,57,8,2
117,0,0,8,96,51,3
117,0,0,20,146,53,4
117,0,0,32,208,25,5
117,0,0,48,274,49,6
117,0,0,61,338,26,7
117,0,0,73,394,26,8
117,0,0,87,439,30,9
117,0,0,95,503,4,10
117,0,0,107,567,62,11
117,0,0,124,632,46,12
117,0,0,137,662,56,13
117,0,0,145,727,18,14
117,0,0,150,889,161,15
117,0,0,160,992,110,16
117,0,0,171,1089,35,17
117,0,0,181,1211,124,18
117,0,0,195,1341,128,19
117,0,0,211,1456,101,20
117,0,0,226,1617,126,21
117,0,0,236,1706,46,22
117,0,0,241,1883,106,23
117,0,0,248,2002,86,24
117,0,0,257,2142,31,25
117,0,0,265,2268,68,26
117,0,0,278,2313,51,27
117,0,0,288,2406,0,28
117,0,0,291,2491,76,29
117,0,0,294,2588,68,30
117,0,0,298,2665,69,31
117,0,0,306,2764,65,32
117,0,0,316,2844,71,33
117,0,0,326,2937,55,34
117,0,0,335,2991,41,35
117,0,0,342,3033,48,36
117,0,0,350,3146,62,37
117,0,0,356,3254,23,38
117,0,0,367,3342,103,39
117,0,0,383,3423,73,40
117,0,0,392,3533,101,41
117,0,0,397,3594,2,42
117,0,0,400,3692,3,43
117,0,0,403,3766,37,44
117,0,0,408,3846,80,45
117,0,0,419,3935,74,46
117,0,0,431,4000,52,47
117,0,0,437,4091,9,48
117,0,0,442,4148,54,49
117,0,0,447,4233,0,50
117,0,0,449,4274,12,51
117,0,0,454,4338,51,52
117,0,0,458,4382,29,53
117,0,0,460,4448,17,54
117,0,0,465,4481,64,55
117,0,0,472,4565,40,56
117,0,0,482,4627,27,57
117,0,0,490,4686,42,58
117,0,0,497,4730,40,59
117,0,0,504,4783,25,60
117,0,0,509,4832,47,61
117,0,0,515,4875,67,62
117,0,0,523,4971,52,63
117,0,0,530,5041,54,64
117,0,0,534,5074,26,65
117,0,0,540,5147,42,66
117,0,0,545,5194,0,67
117,0,0,552,5232,40,68
117,0,0,560,5276,41,69
117,0,0,566,5366,49,70
117,0,0,574,5472,60,72
117,0,0,589,5526,41,73
117,0,0,608,5582,68,74
117,0,0,627,5664,89,75
117,0,0,642,5763,61,76
117,0,0,651,5834,73,77
117,0,0,655,5891,0,78
117,0,0,658,5953,21,79
117,0,0,662,6007,55,80
117,0,0,665,6075,0,81
117,0,0,669,6161,20,82
117,0,0,674,6207,28,83
117,0,0,680,6279,69,84
117,0,0,686,6354,1,85
117,0,0,692,6419,37,86
117,0,0,705,6471,61,87
117,0,0,717,6544,15,88
117,0,0,721,6589,0,89
117,0,0,726,6659,37,90
117,0,0,734,6704,63,91
117,0,0,746,6781,53,92
117,0,0,765,6859,67,93
117,0,0,787,6944,84,94
117,0,0,811,7044,65,95
117,0,0,834,7113,66,96
117,0,0,854,7190,75,97
117,0,0,872,7270,72,98
117,0,0,885,7349,70,99
117,0,0,899,7406,34,100
117,0,0,914,7510,130,101
117,0,0,930,7652,114,102
117,0,0,941,7731,45,103
117,0,0,951,7877,72,104
117,0,0,965,8002,58,105
117,0,0,976,8069,59,106
117,0,0,983,8158,69,107
117,0,0,990,8229,53,108
117,0,0,1007,8294,99,109
117,0,0,1027,8415,109,110
117,0,0,1040,8488,23,111
117,0,0,1053,8577,61,112
117,0,0,1067,8665,79,113
117,0,0,1075,8729,44,114
117,0,0,1082,8786,36,115
117,0,0,1090,8842,40,116
117,0,0,1097,8891,28,117
117,0,0,1103,8961,39,118
117,0,0,1115,9025,60,119
117,0,0,1130,9080,36,120
117,0,0,1144,9116,27,121
117,0,0,1153,9148,35,122
118,0,0,2,10,3,1
118,0,0,13,16,4,2
118,0,0,31,25,17,3
118,0,0,46,41,11,4
118,0,0,58,72,24,5
118,0,0,69,95,23,6
118,0,0,86,119,32,7
118,0,0,105,149,14,8
118,0,0,115,190,14,9
118,0,0,121,203,13,10
118,0,0,128,215,8,11
118,0,0,137,225,3,12
118,0,0,147,244,8,13
118,0,0,163,285,52,14
118,0,0,182,313,5,15
118,0,0,193,334,11,17
118,0,0,202,344,5,18
118,0,0,220,364,26,19
118,0,0,234,407,0,20
118,0,0,238,411,9,21
118,0,0,243,435,2,22
118,0,0,245,454,0,23
118,0,0,246,466,0,24
118,0,0,248,485,12,25
118,0,0,250,500,11,26
118,0,0,254,525,4,28
118,0,0,258,540,10,29
118,0,0,262,546,7,30
118,0,0,265,551,0,31
118,0,0,266,561,0,32
118,0,0,270,570,6,33
118,0,0,276,576,4,34
118,0,0,279,593,0,36
118,0,0,283,626,6,38
118,0,0,287,634,3,39
118,0,0,292,639,4,40
118,0,0,296,645,1,41
118,0,0,298,669,0,42
118,0,0,301,682,1,43
118,0,0,306,684,6,44
118,0,0,308,693,0,45
118,0,0,310,696,3,46
118,0,0,314,703,3,47
118,0,0,318,708,4,48
118,0,0,320,712,0,49
118,0,0,321,716,0,50
118,0,0,323,722,1,51
118,0,0,326,723,2,52
118,0,0,329,728,0,53
118,0,0,331,734,0,54
118,0,0,333,738,4,55
118,0,0,338,744,7,56
118,0,0,341,762,0,60
118,0,0,342,772,0,61
118,0,0,344,786,0,64
118,0,0,346,787,1,65
118,0,0,348,789,0,66
118,0,0,357,792,0,68
118,0,0,366,797,0,69
118,0,0,369,800,1,70
118,0,0,373,802,0,71
118,0,0,375,804,0,72
118,0,0,376,810,0,73
118,0,0,378,818,2,74
118,0,0,379,823,0,75
118,0,0,381,825,0,76
118,0,0,391,827,0,77
118,0,0,400,829,0,78
118,0,0,403,834,1,80
118,0,0,418,836,7,81
118,0,0,433,845,2,82
118,0,0,435,858,0,84
118,0,0,438,866,2,85
118,0,0,441,874,2,86
118,0,0,444,882,6,87
118,0,0,447,890,3,88
118,0,0,449,899,0,89
118,0,0,452,906,5,90
118,0,0,459,910,5,91
118,0,0,464,917,6,92
118,0,0,467,929,6,93
118,0,0,471,934,1,94
118,0,0,473,937,0,95
118,0,0,477,941,4,96
118,0,0,481,954,0,98
118,0,0,484,955,1,99
118,0,0,489,964,9,100
118,0,0,492,971,0,101
118,0,0,495,1014,13,104
118,0,0,500,1022,4,105
118,0,0,503,1031,0,106
118,0,0,505,1035,3,107
118,0,0,508,1043,3,108
118,0,0,513,1054,10,109
118,0,0,517,1061,1,110
118,0,0,520,1071,7,111
118,0,0,522,1081,0,112
118,0,0,525,1084,2,113
118,0,0,531,1089,4,114
118,0,0,538,1092,0,115
118,0,0,542,1093,0,116
118,0,0,546,1107,8,117
118,0,0,552,1115,1,118
118,0,0,556,1120,2,119
118,0,0,558,1126,1,120
118,0,0,561,1126,0,121
119,0,0,7,29,15,1
119,0,0,22,44,19,2
119,0,0,34,56,10,3
119,0,0,43,69,3,4
119,0,0,51,103,11,5
119,0,0,62,133,13,6
119,0,0,81,144,0,7
119,0,0,96,147,2,8
119,0,0,101,165,17,9
119,0,0,108,182,18,10
119,0,0,118,207,29,11
119,0,0,125,229,0,12
119,0,0,135,243,24,13
119,0,0,159,258,6,14
119,0,0,187,269,4,15
119,0,0,207,280,15,16
119,0,0,238,318,62,17
119,0,0,274,380,44,18
119,0,0,286,417,22,19
119,0,0,290,437,38,20
119,0,0,296,488,23,21
119,0,0,304,503,12,22
119,0,0,309,538,26,23
119,0,0,312,564,13,24
119,0,0,315,591,8,25
119,0,0,319,611,18,26
119,0,0,330,648,42,27
119,0,0,339,672,2,28
119,0,0,342,698,12,29
119,0,0,346,721,8,30
119,0,0,349,743,23,31
119,0,0,356,768,14,33
119,0,0,364,788,21,34
119,0,0,371,811,15,35
119,0,0,376,833,0,36
119,0,0,379,846,7,37
119,0,0,383,865,0,38
119,0,0,388,885,10,39
119,0,0,394,938,2,41
119,0,0,396,951,5,42
119,0,0,398,972,0,43
119,0,0,400,986,12,44
119,0,0,403,998,14,45
119,0,0,409,1025,12,46
119,0,0,413,1039,0,47
119,0,0,415,1056,2,48
119,0,0,417,1073,0,49
119,0,0,419,1088,1,50
119,0,0,422,1099,12,51
119,0,0,427,1115,11,52
119,0,0,432,1127,17,53
119,0,0,437,1147,18,54
119,0,0,443,1163,14,55
119,0,0,448,1176,3,56
119,0,0,455,1187,7,57
119,0,0,464,1195,2,58
119,0,0,474,1204,0,59
119,0,0,481,1207,3,60
119,0,0,484,1223,0,62
119,0,0,485,1236,0,63
119,0,0,488,1243,2,64
119,0,0,491,1249,6,65
119,0,0,496,1261,12,66
119,0,0,500,1268,0,67
119,0,0,502,1280,5,68
119,0,0,505,1287,1,69
119,0,0,506,1287,0,70
119,0,0,509,1297,1,71
119,0,0,513,1300,2,72
119,0,0,518,1304,4,73
119,0,0,523,1310,1,74
119,0,0,528,1313,3,75
119,0,0,530,1323,0,76
119,0,0,533,1331,3,77
119,0,0,538,1336,5,78
119,0,0,543,1346,15,79
119,0,0,546,1356,2,80
119,0,0,547,1368,0,81
119,0,0,551,1372,6,82
119,0,0,557,1379,4,83
119,0,0,562,1385,9,84
119,0,0,566,1395,4,85
119,0,0,569,1406,0,87
119,0,0,572,1413,5,88
119,0,0,577,1418,2,89
119,0,0,584,1426,6,90
119,0,0,591,1437,2,91
119,0,0,599,1450,12,92
119,0,0,606,1460,2,93
119,0,0,614,1469,8,94
119,0,0,624,1482,7,95
119,0,0,630,1487,7,96
119,0,0,637,1496,8,97
119,0,0,644,1506,9,98
119,0,0,649,1512,2,99
119,0,0,655,1531,13,100
119,0,0,661,1543,9,101
119,0,0,668,1555,11,102
119,0,0,674,1566,6,103
119,0,0,680,1571,6,104
119,0,0,686,1574,0,105
119,0,0,693,1581,6,106
119,0,0,704,1589,4,107
119,0,0,711,1599,3,108
119,0,0,716,1606,11,109
119,0,0,723,1617,5,110
119,0,0,727,1621,3,111
119,0,0,728,1627,0,112
119,0,0,730,1628,0,113
119,0,0,732,1634,3,114
119,0,0,736,1640,7,115
119,0,0,742,1648,2,116
119,0,0,746,1659,2,117
119,0,0,749,1663,2,118
119,0,0,752,1665,1,119
119,0,0,753,1669,0,120
124,0,0,1,0,0,1
124,0,0,2,2,0,2
124,0,0,7,5,3,3
124,0,0,12,7,0,4
124,0,0,14,10,0,7
124,0,0,23,11,2,8
124,0,0,31,12,0,9
124,0,0,34,12,0,10
124,0,0,37,13,2,11
124,0,0,38,16,0,12
124,0,0,40,17,0,13
124,0,0,42,20,0,14
124,0,0,43,21,0,15
124,0,0,46,23,0,16
124,0,0,48,26,0,17
124,0,0,50,30,4,18
124,0,0,55,34,0,19
124,0,0,63,35,2,20
124,0,0,73,43,8,21
124,0,0,79,50,3,22
124,0,0,80,64,0,23
124,0,0,87,72,10,24
124,0,0,95,84,0,25
124,0,0,97,87,0,26
124,0,0,99,92,0,27
124,0,0,101,95,1,28
124,0,0,102,96,0,29
124,0,0,103,102,0,33
125,0,0,4,1,0,1
125,0,0,9,1,0,2
125,0,0,13,2,0,3
125,0,0,16,2,0,4
125,0,0,18,7,1,6
125,0,0,20,12,2,8
125,0,0,21,14,0,9
125,0,0,22,17,0,10
125,0,0,24,20,6,11
125,0,0,26,31,0,13
125,0,0,28,42,2,14
125,0,0,33,47,4,15
125,0,0,47,58,4,16
125,0,0,61,61,1,17
125,0,0,63,63,0,18
125,0,0,71,77,9,19
125,0,0,83,85,10,20
125,0,0,87,92,0,21
125,0,0,89,100,3,22
125,0,0,92,151,0,24
125,0,0,93,199,0,25
125,0,0,96,213,21,26
125,0,0,98,240,0,27
125,0,0,99,249,0,28
125,0,0,101,255,6,29
125,0,0,105,281,22,30
125,0,0,113,294,4,31
125,0,0,123,303,4,32
125,0,0,133,315,13,33
125,0,0,143,341,14,34
125,0,0,148,349,0,35
125,0,0,154,368,9,36
125,0,0,164,390,32,37
125,0,0,172,422,29,38
125,0,0,178,450,36,39
125,0,0,186,495,26,40
125,0,0,196,523,30,41
125,0,0,204,544,12,42
125,0,0,213,583,12,43
125,0,0,220,597,30,44
125,0,0,225,650,4,45
125,0,0,229,693,16,46
125,0,0,235,716,14,47
125,0,0,242,767,21,48
125,0,0,253,791,15,49
125,0,0,261,807,16,50
125,0,0,265,843,10,51
125,0,0,272,855,7,52
125,0,0,287,871,17,53
125,0,0,298,911,0,54
125,0,0,302,939,25,55
125,0,0,311,969,31,56
125,0,0,321,998,22,57
125,0,0,328,1025,12,58
125,0,0,338,1040,18,59
125,0,0,347,1071,2,60
125,0,0,350,1089,1,61
125,0,0,355,1110,6,62
125,0,0,364,1131,22,63
125,0,0,370,1151,12,64
125,0,0,374,1179,10,65
125,0,0,378,1197,8,66
125,0,0,383,1209,9,67
125,0,0,392,1221,5,68
125,0,0,404,1231,2,69
125,0,0,419,1251,22,70
125,0,0,432,1269,8,71
125,0,0,443,1277,4,72
125,0,0,463,1289,13,73
125,0,0,479,1303,18,74
125,0,0,486,1325,7,75
125,0,0,493,1340,11,76
125,0,0,503,1362,17,77
125,0,0,515,1391,26,78
125,0,0,533,1411,20,79
125,0,0,552,1434,19,80
125,0,0,561,1451,19,81
125,0,0,567,1472,2,82
125,0,0,574,1490,15,83
125,0,0,582,1502,5,84
125,0,0,594,1520,21,85
125,0,0,606,1548,14,86
125,0,0,613,1579,13,87
125,0,0,624,1608,20,88
125,0,0,643,1625,16,89
125,0,0,658,1644,11,90
125,0,0,668,1662,19,91
125,0,0,679,1683,12,92
125,0,0,688,1711,20,93
125,0,0,696,1736,22,94
125,0,0,707,1763,25,95
125,0,0,717,1792,24,96
125,0,0,727,1810,19,97
125,0,0,736,1834,13,98
125,0,0,743,1856,32,99
125,0,0,753,1891,18,100
125,0,0,764,1921,22,101
125,0,0,783,1977,49,102
125,0,0,815,2020,48,103
125,0,0,840,2065,74,104
125,0,0,855,2144,35,105
125,0,0,865,2194,30,106
125,0,0,874,2249,51,107
125,0,0,880,2316,10,108
125,0,0,884,2328,13,109
125,0,0,893,2377,76,110
125,0,0,908,2440,32,111
125,0,0,921,2466,37,112
125,0,0,931,2524,15,113
125,0,0,943,2538,17,114
125,0,0,954,2594,44,115
125,0,0,959,2634,4,116
125,0,0,962,2655,4,117
125,0,0,965,2669,2,118
125,0,0,968,2707,5,119
125,0,0,970,2717,0,120
125,0,0,971,2749,0,121
125,0,0,974,2763,0,122
125,0,0,978,2772,2,123
126,0,0,2,0,0,1
126,0,0,6,1,0,2
126,0,0,8,1,0,3
126,0,0,12,4,1,8
126,0,0,18,10,2,14
126,0,0,20,12,0,15
126,0,0,23,12,0,18
126,0,0,29,14,0,19
126,0,0,34,16,1,20
126,0,0,37,20,0,21
126,0,0,40,20,0,22
126,0,0,42,22,0,24
126,0,0,44,25,1,25
126,0,0,45,29,0,26
126,0,0,47,37,0,28
126,0,0,49,38,0,29
126,0,0,50,43,0,33
126,0,0,51,43,0,36
126,0,0,52,55,0,40
126,0,0,53,71,0,42
126,0,0,54,76,0,43
126,0,0,55,80,0,47
126,0,0,56,80,0,51
126,0,0,58,80,0,52
126,0,0,59,82,0,64
126,0,0,60,84,0,72
126,0,0,62,85,0,74
130,0,0,1,0,0,1
130,0,0,2,1,0,9
130,0,0,4,1,0,14
130,0,0,7,1,0,16
130,0,0,8,3,0,17
130,0,0,10,4,0,18
130,0,0,12,7,2,19
130,0,0,13,12,0,24
130,0,0,14,12,0,25
130,0,0,15,12,0,85
130,0,0,17,12,0,86
130,0,0,18,13,0,87
130,0,0,20,15,1,88
130,0,0,21,19,0,102
130,0,0,23,20,0,107
131,0,0,1,5,3,1
131,0,0,6,14,11,2
131,0,0,14,28,16,3
131,0,0,18,41,4,4
131,0,0,22,49,3,5
131,0,0,26,55,1,6
131,0,0,27,75,0,7
131,0,0,29,77,0,8
131,0,0,31,92,0,9
131,0,0,34,100,3,10
131,0,0,36,102,0,11
131,0,0,42,124,10,13
131,0,0,52,131,5,14
131,0,0,62,144,6,15
131,0,0,67,165,0,16
131,0,0,70,169,4,17
131,0,0,76,183,8,18
131,0,0,89,197,18,19
131,0,0,100,224,4,20
131,0,0,103,253,15,21
131,0,0,110,269,11,22
131,0,0,123,291,24,23
131,0,0,134,316,16,24
131,0,0,148,337,24,25
131,0,0,165,361,22,26
131,0,0,176,390,21,27
131,0,0,186,403,9,28
131,0,0,199,415,13,29
131,0,0,210,431,14,30
131,0,0,219,457,2,31
131,0,0,224,464,6,32
131,0,0,231,489,14,33
131,0,0,247,504,14,34
131,0,0,272,522,17,35
131,0,0,291,545,9,36
131,0,0,302,562,19,37
131,0,0,315,585,10,38
131,0,0,327,606,13,39
131,0,0,332,623,0,40
131,0,0,334,641,2,41
131,0,0,339,647,4,42
131,0,0,352,663,21,43
131,0,0,367,677,19,44
131,0,0,387,708,20,45
131,0,0,413,729,29,46
131,0,0,429,758,16,47
131,0,0,435,783,16,48
131,0,0,440,799,11,49
131,0,0,444,813,8,50
131,0,0,449,865,5,52
131,0,0,453,884,18,54
131,0,0,457,902,6,55
131,0,0,459,927,0,56
131,0,0,461,955,12,57
131,0,0,464,970,8,58
131,0,0,468,988,19,59
131,0,0,472,1002,0,60
131,0,0,474,1010,1,62
131,0,0,477,1017,2,63
131,0,0,482,1064,11,66
131,0,0,487,1106,6,69
131,0,0,490,1133,6,71
131,0,0,496,1151,13,72
131,0,0,501,1158,0,73
131,0,0,502,1177,0,74
131,0,0,504,1191,3,75
131,0,0,509,1200,4,76
131,0,0,514,1204,0,77
131,0,0,516,1211,5,78
131,0,0,520,1236,14,80
131,0,0,523,1240,0,81
131,0,0,524,1264,0,83
131,0,0,529,1284,14,84
131,0,0,536,1297,2,85
131,0,0,540,1305,7,86
131,0,0,542,1318,0,88
131,0,0,547,1335,3,90
131,0,0,556,1343,8,91
131,0,0,564,1350,7,92
131,0,0,569,1355,6,93
131,0,0,578,1369,8,94
131,0,0,588,1372,2,95
131,0,0,593,1379,0,96
131,0,0,598,1387,7,97
131,0,0,602,1395,0,98
131,0,0,606,1406,2,99
131,0,0,614,1414,5,100
131,0,0,634,1428,9,101
131,0,0,656,1440,13,102
131,0,0,673,1448,4,103
131,0,0,691,1457,5,104
131,0,0,703,1467,14,105
131,0,0,711,1477,7,106
131,0,0,718,1482,0,107
131,0,0,723,1491,2,108
131,0,0,730,1503,11,109
131,0,0,736,1511,2,110
131,0,0,746,1518,5,111
131,0,0,762,1527,8,112
131,0,0,776,1537,8,113
131,0,0,787,1547,3,114
131,0,0,794,1554,3,115
131,0,0,798,1563,0,116
131,0,0,803,1567,3,117
131,0,0,820,1576,10,118
131,0,0,833,1580,0,119
131,0,0,842,1583,1,120
131,0,0,856,1588,5,121
131,0,0,866,1592,1,122
131,0,0,871,1593,0,123
135,0,0,3,0,0,1
135,0,0,8,1,0,5
135,0,0,13,2,0,8
135,0,0,16,3,0,12
135,0,0,17,4,0,13
135,0,0,18,4,0,14
135,0,0,19,4,0,15
135,0,0,21,4,0,16
135,0,0,22,4,0,17
135,0,0,23,4,0,19
135,0,0,24,7,0,21
135,0,0,26,8,0,23
135,0,0,28,10,0,25
135,0,0,30,13,0,26
135,0,0,31,13,0,28
135,0,0,33,15,0,36
135,0,0,34,15,0,37
135,0,0,35,15,0,38
135,0,0,37,18,2,39
135,0,0,38,19,0,40
135,0,0,39,20,0,41
135,0,0,41,21,0,42
135,0,0,42,21,0,43
135,0,0,43,25,0,44
135,0,0,45,27,0,45
135,0,0,46,29,0,50
135,0,0,48,34,0,57
135,0,0,49,34,0,58
135,0,0,50,37,0,61
135,0,0,51,59,0,75
135,0,0,52,110,0,100
135,0,0,57,112,1,101
135,0,0,62,112,0,103
135,0,0,64,113,0,104
135,0,0,68,121,0,110
135,0,0,71,121,0,113
135,0,0,73,124,0,114
135,0,0,76,124,0,115
135,0,0,79,126,0,116
135,0,0,83,131,0,119
135,0,0,87,131,0,122
136,0,0,1,2,0,1
136,0,0,2,2,0,2
136,0,0,4,2,0,3
136,0,0,5,3,0,4
136,0,0,6,6,0,9
136,0,0,7,7,0,10
136,0,0,9,8,1,11
136,0,0,10,12,0,14
136,0,0,11,15,0,17
136,0,0,13,18,1,19
136,0,0,15,23,1,21
136,0,0,16,27,0,22
136,0,0,17,30,0,24
136,0,0,18,41,0,29
136,0,0,19,44,0,30
136,0,0,20,49,0,32
136,0,0,21,52,0,33
136,0,0,22,61,0,37
136,0,0,24,70,0,41
136,0,0,26,79,0,43
136,0,0,27,80,0,46
136,0,0,29,82,1,48
136,0,0,32,99,0,76
136,0,0,35,102,0,77
136,0,0,36,108,0,80
136,0,0,37,116,0,81
136,0,0,38,126,0,84
136,0,0,42,134,2,88
136,0,0,47,159,0,94
136,0,0,49,166,0,95
136,0,0,50,173,0,97
136,0,0,52,185,2,100
136,0,0,53,189,0,101
136,0,0,54,189,0,102
136,0,0,59,190,0,103
136,0,0,65,208,2,104
136,0,0,69,220,0,106
136,0,0,72,227,1,107
136,0,0,73,229,0,108
136,0,0,74,231,0,109
136,0,0,76,240,0,112
137,0,0,7,2,0,1
137,0,0,21,6,7,2
137,0,0,28,11,2,3
137,0,0,33,13,0,4
137,0,0,36,13,0,5
137,0,0,39,14,0,7
137,0,0,42,21,5,8
137,0,0,47,25,0,9
137,0,0,51,28,0,10
137,0,0,54,37,1,12
137,0,0,58,38,1,14
137,0,0,62,38,0,15
137,0,0,63,43,0,17
137,0,0,67,48,7,18
137,0,0,71,50,0,19
137,0,0,73,52,0,20
137,0,0,76,55,0,21
137,0,0,79,58,1,22
137,0,0,83,62,5,23
137,0,0,85,66,0,24
137,0,0,86,66,0,25
137,0,0,88,74,0,26
137,0,0,90,76,0,27
137,0,0,92,81,4,28
137,0,0,95,96,2,29
137,0,0,98,110,0,31
137,0,0,103,114,3,33
137,0,0,106,115,0,34
137,0,0,110,119,0,36
137,0,0,113,127,0,37
137,0,0,115,135,5,38
137,0,0,116,139,0,39
137,0,0,118,153,0,41
137,0,0,119,159,0,43
137,0,0,121,162,0,45
137,0,0,123,163,0,48
137,0,0,125,163,0,50
137,0,0,128,165,0,53
137,0,0,133,166,0,55
137,0,0,139,166,0,56
137,0,0,141,169,0,57
137,0,0,143,169,0,58
140,0,0,0,0,0,1
140,0,0,1,0,0,2
140,0,0,2,0,0,5
140,0,0,4,4,0,8
140,0,0,6,4,0,9
140,0,0,7,5,0,14
140,0,0,8,7,0,15
140,0,0,9,7,0,17
140,0,0,10,8,0,18
140,0,0,12,9,2,19
140,0,0,15,10,0,20
140,0,0,17,14,1,21
140,0,0,21,18,4,22
140,0,0,24,22,2,23
140,0,0,26,24,2,24
140,0,0,31,25,0,25
140,0,0,35,31,0,26
140,0,0,40,39,4,27
140,0,0,45,51,1,28
140,0,0,47,58,0,29
140,0,0,48,77,0,30
141,0,0,3,1,1,1
141,0,0,7,3,1,2
141,0,0,11,5,2,3
141,0,0,16,7,1,4
141,0,0,20,10,3,5
141,0,0,23,12,2,6
141,0,0,28,16,6,7
141,0,0,32,24,0,8
141,0,0,35,33,1,9
141,0,0,39,40,6,10
141,0,0,46,48,1,11
141,0,0,52,50,2,12
141,0,0,58,52,1,13
141,0,0,70,57,7,14
141,0,0,81,63,6,15
141,0,0,87,99,5,16
141,0,0,98,106,9,17
141,0,0,108,118,9,18
141,0,0,112,129,0,19
141,0,0,118,136,4,20
141,0,0,123,146,0,21
141,0,0,125,153,8,22
141,0,0,132,158,2,23
141,0,0,144,165,9,24
141,0,0,151,174,0,25
141,0,0,155,196,7,28
141,0,0,161,204,6,29
141,0,0,164,205,0,30
141,0,0,165,206,0,31
141,0,0,168,209,2,32
141,0,0,173,213,3,33
141,0,0,181,217,3,34
141,0,0,188,219,3,35
141,0,0,195,224,1,36
141,0,0,200,232,0,38
141,0,0,204,233,0,39
141,0,0,207,237,0,41
141,0,0,211,239,3,42
141,0,0,215,243,4,43
141,0,0,218,245,0,44
141,0,0,222,248,0,45
141,0,0,226,256,0,59
141,0,0,227,256,0,60
141,0,0,230,259,4,61
141,0,0,238,271,12,62
141,0,0,249,279,7,63
141,0,0,260,285,7,64
141,0,0,267,293,5,65
141,0,0,272,296,1,66
141,0,0,276,300,4,67
141,0,0,285,305,8,68
141,0,0,299,315,11,69
141,0,0,312,321,1,70
141,0,0,318,323,0,71
141,0,0,322,330,2,73
141,0,0,333,337,1,74
141,0,0,356,338,4,75
141,0,0,380,343,2,76
143,0,0,5,5,4,1
143,0,0,12,10,4,2
143,0,0,16,22,9,3
143,0,0,20,28,1,4
143,0,0,26,29,1,5
143,0,0,31,30,1,6
143,0,0,35,31,2,7
143,0,0,40,33,1,8
143,0,0,47,35,1,9
143,0,0,55,37,3,10
143,0,0,61,43,1,11
143,0,0,67,52,11,12
143,0,0,74,57,2,13
143,0,0,83,59,2,14
143,0,0,91,63,3,15
143,0,0,95,73,0,16
143,0,0,101,79,15,17
143,0,0,108,92,3,18
143,0,0,110,93,0,19
143,0,0,113,99,7,20
143,0,0,116,108,8,21
143,0,0,119,114,2,22
143,0,0,124,118,4,23
143,0,0,130,122,5,24
143,0,0,136,128,4,25
143,0,0,139,132,0,26
143,0,0,141,137,0,27
143,0,0,145,138,1,28
143,0,0,148,148,0,29
143,0,0,151,160,9,31
143,0,0,156,170,4,32
143,0,0,161,173,2,33
143,0,0,165,177,0,34
143,0,0,167,185,0,35
143,0,0,168,192,0,36
143,0,0,170,195,3,37
143,0,0,171,210,0,38
143,0,0,173,215,0,39
143,0,0,175,221,5,40
143,0,0,177,226,0,41
143,0,0,179,226,0,42
143,0,0,181,230,1,43
143,0,0,184,241,0,44
143,0,0,185,245,0,45
143,0,0,187,247,3,46
143,0,0,190,253,0,47
143,0,0,191,257,0,48
143,0,0,193,260,0,49
143,0,0,196,263,1,50
143,0,0,199,265,0,51
143,0,0,201,269,2,52
143,0,0,204,278,5,53
143,0,0,208,280,2,54
143,0,0,212,282,0,55
143,0,0,214,289,5,56
143,0,0,216,296,1,57
143,0,0,220,300,2,58
143,0,0,222,304,0,59
143,0,0,224,310,1,60
143,0,0,227,312,5,61
143,0,0,230,317,0,62
143,0,0,233,324,3,63
143,0,0,236,329,7,64
143,0,0,240,335,0,65
143,0,0,242,344,0,67
143,0,0,244,347,0,68
143,0,0,246,355,2,69
143,0,0,248,362,2,70
143,0,0,249,367,0,71
143,0,0,251,371,5,72
143,0,0,253,378,0,73
143,0,0,255,382,1,74
143,0,0,258,385,5,75
143,0,0,261,391,2,76
143,0,0,263,410,5,78
143,0,0,266,429,0,81
143,0,0,268,448,3,83
143,0,0,272,464,6,85
143,0,0,275,470,0,86
143,0,0,277,474,0,87
143,0,0,280,487,0,89
143,0,0,281,492,0,90
143,0,0,282,497,0,91
143,0,0,284,502,1,92
143,0,0,285,511,0,93
143,0,0,286,518,0,94
143,0,0,287,520,0,95
143,0,0,288,523,0,96
143,0,0,289,527,0,97
143,0,0,290,528,0,98
143,0,0,291,539,0,99
143,0,0,292,554,0,100
143,0,0,293,598,0,102
143,0,0,294,611,0,103
143,0,0,297,625,3,105
143,0,0,299,630,0,106
143,0,0,301,651,2,108
143,0,0,304,658,8,109
143,0,0,308,681,7,111
143,0,0,311,695,6,112
143,0,0,314,714,0,113
143,0,0,315,715,0,115
143,0,0,316,726,0,116
143,0,0,320,733,11,117
143,0,0,323,742,0,118
143,0,0,325,750,0,119
143,0,0,326,750,0,120
143,0,0,327,763,0,121
144,0,0,3,1,0,1
144,0,0,11,2,1,2
144,0,0,17,3,1,3
144,0,0,21,3,0,4
144,0,0,23,5,0,5
144,0,0,25,6,1,6
144,0,0,28,7,1,7
144,0,0,30,9,0,8
144,0,0,32,9,0,9
144,0,0,35,10,1,10
144,0,0,40,12,0,11
144,0,0,43,12,0,12
144,0,0,45,12,0,13
144,0,0,47,14,2,14
144,0,0,48,16,0,15
144,0,0,50,16,0,16
144,0,0,52,16,0,17
144,0,0,57,17,0,18
144,0,0,63,17,0,20
144,0,0,67,18,0,21
144,0,0,68,18,0,22
144,0,0,71,18,0,23
144,0,0,76,18,0,24
144,0,0,81,19,1,25
144,0,0,85,20,0,26
144,0,0,87,21,2,27
144,0,0,89,22,0,28
144,0,0,91,22,0,29
144,0,0,93,23,0,30
144,0,0,96,23,0,32
144,0,0,99,24,1,33
144,0,0,101,24,0,34
144,0,0,104,24,0,35
144,0,0,106,26,1,36
144,0,0,111,26,0,37
144,0,0,117,27,0,38
144,0,0,120,27,0,39
144,0,0,124,27,0,40
144,0,0,125,28,0,41
144,0,0,127,28,0,42
144,0,0,130,28,0,43
144,0,0,132,30,0,44
144,0,0,133,32,0,47
144,0,0,135,36,0,50
144,0,0,138,36,0,51
144,0,0,139,37,0,52
144,0,0,142,41,2,53
144,0,0,145,42,0,54
144,0,0,147,43,1,55
144,0,0,149,43,0,57
144,0,0,151,43,0,58
144,0,0,152,43,0,59
144,0,0,154,44,0,60
144,0,0,156,45,1,63
144,0,0,157,46,0,64
144,0,0,158,48,0,65
144,0,0,160,49,1,66
144,0,0,162,50,0,67
144,0,0,164,51,1,68
144,0,0,167,57,1,69
144,0,0,169,57,0,70
144,0,0,172,57,0,71
144,0,0,174,58,0,72
144,0,0,176,59,0,73
144,0,0,179,61,1,74
144,0,0,181,61,0,76
144,0,0,182,64,0,78
144,0,0,183,65,0,79
144,0,0,184,65,0,80
144,0,0,186,65,0,81
144,0,0,189,66,0,82
144,0,0,192,67,2,83
144,0,0,196,69,1,84
144,0,0,199,72,2,85
144,0,0,203,75,0,87
144,0,0,208,76,0,89
144,0,0,210,80,0,90
144,0,0,212,81,0,91
144,0,0,213,82,0,92
144,0,0,215,91,1,94
144,0,0,218,92,1,95
144,0,0,220,92,0,96
144,0,0,222,102,2,98
144,0,0,224,105,0,99
144,0,0,225,105,0,100
144,0,0,228,115,2,102
144,0,0,231,119,0,103
144,0,0,233,120,0,104
144,0,0,235,124,1,105
144,0,0,236,128,0,106
144,0,0,238,136,2,109
144,0,0,239,140,0,110
144,0,0,240,143,0,111
144,0,0,242,145,3,112
144,0,0,244,149,0,115
144,0,0,245,154,0,120
146,0,0,1,0,0,1
146,0,0,3,1,0,29
146,0,0,6,5,0,30
146,0,0,7,5,0,31
146,0,0,8,9,0,38
146,0,0,9,15,0,56
148,0,0,1,1,0,1
148,0,0,4,3,0,10
148,0,0,6,3,0,15
148,0,0,8,4,0,26
148,0,0,9,4,0,30
148,0,0,10,4,0,31
148,0,0,11,8,0,33
148,0,0,12,10,0,34
148,0,0,13,11,0,35
148,0,0,14,37,0,47
148,0,0,15,38,0,48
148,0,0,16,40,0,49
148,0,0,23,44,1,51
148,0,0,31,54,0,57
148,0,0,34,56,0,59
148,0,0,36,57,0,60
148,0,0,38,60,0,61
148,0,0,40,60,0,63
148,0,0,42,63,2,64
148,0,0,44,65,0,67
148,0,0,46,68,0,74
148,0,0,47,70,0,75
148,0,0,48,71,0,76
148,0,0,49,72,0,79
148,0,0,53,73,0,80
148,0,0,58,74,0,83
148,0,0,61,74,0,86
148,0,0,62,83,0,89
148,0,0,63,83,0,90
148,0,0,65,103,1,93
148,0,0,67,129,2,97
148,0,0,69,138,2,98
148,0,0,76,151,18,99
148,0,0,90,165,9,100
148,0,0,100,173,4,101
148,0,0,104,186,0,102
148,0,0,107,187,1,103
148,0,0,117,192,12,104
148,0,0,127,211,18,105
148,0,0,129,238,0,106
148,0,0,131,238,0,107
148,0,0,134,244,0,108
148,0,0,136,248,0,109
148,0,0,147,260,8,110
148,0,0,162,265,3,111
148,0,0,172,282,8,112
148,0,0,181,292,3,113
148,0,0,188,293,1,114
148,0,0,193,294,1,115
148,0,0,196,302,0,116
148,0,0,197,303,0,117
163,0,0,0,0,0,1
163,0,0,2,0,0,6
163,0,0,3,3,0,10
163,0,0,5,4,0,13
163,0,0,7,4,0,14
163,0,0,9,4,0,17
163,0,0,11,4,0,18
163,0,0,13,4,0,19
163,0,0,15,4,0,22
163,0,0,16,4,0,23
163,0,0,17,4,0,25
163,0,0,18,4,0,28
163,0,0,20,4,0,30
163,0,0,22,5,0,34
163,0,0,23,9,0,42
163,0,0,25,14,1,43
163,0,0,28,14,0,44
163,0,0,32,14,0,45
163,0,0,36,15,0,48
163,0,0,39,18,1,49
163,0,0,42,18,0,50
163,0,0,43,21,0,52
163,0,0,45,22,1,54
163,0,0,47,22,0,56
163,0,0,48,24,0,66
163,0,0,50,25,0,70
163,0,0,52,25,0,90
164,0,0,1,0,0,1
164,0,0,2,0,0,5
164,0,0,3,1,0,8
164,0,0,5,2,0,12
164,0,0,6,2,0,15
164,0,0,9,3,0,19
164,0,0,11,3,0,20
164,0,0,13,3,0,22
164,0,0,15,3,0,23
164,0,0,16,4,0,24
164,0,0,18,4,0,26
164,0,0,20,5,0,28
164,0,0,22,6,0,29
164,0,0,23,7,0,30
164,0,0,24,8,0,33
164,0,0,26,9,0,34
164,0,0,28,9,0,35
164,0,0,31,10,0,37
164,0,0,32,10,0,39
164,0,0,33,11,0,42
164,0,0,34,14,0,48
165,0,0,4,0,0,1
166,0,0,5,3,0,1
166,0,0,10,3,0,2
166,0,0,13,3,0,3
166,0,0,16,3,0,4
166,0,0,19,4,0,7
166,0,0,23,5,1,8
166,0,0,25,5,0,9
166,0,0,26,5,0,10
166,0,0,28,5,0,14
166,0,0,30,9,0,46
166,0,0,31,9,0,53
166,0,0,32,9,0,54
167,0,0,1,8,0,1
167,0,0,2,31,0,10
167,0,0,4,34,1,11
167,0,0,7,36,0,15
167,0,0,11,37,0,16
167,0,0,17,39,1,17
167,0,0,25,42,1,18
167,0,0,30,45,2,19
167,0,0,34,46,0,20
167,0,0,40,48,2,21
167,0,0,45,57,5,23
167,0,0,47,70,1,25
167,0,0,48,78,0,27
167,0,0,49,87,0,29
167,0,0,51,94,0,30
167,0,0,53,105,11,31
167,0,0,56,124,4,33
167,0,0,61,128,2,34
168,0,0,0,0,0,1
168,0,0,2,2,0,29
168,0,0,5,3,0,36
168,0,0,6,3,0,37
168,0,0,8,3,0,40
168,0,0,10,4,0,49
168,0,0,11,6,0,67
176,0,0,1,11,0,1
176,0,0,3,17,0,2
176,0,0,4,22,0,3
176,0,0,5,22,0,4
176,0,0,8,24,1,5
176,0,0,11,25,0,6
176,0,0,13,27,2,7
176,0,0,16,30,5,8
176,0,0,21,35,0,9
176,0,0,28,41,6,10
176,0,0,50,46,7,11
176,0,0,76,57,5,12
176,0,0,87,66,0,13
176,0,0,89,75,7,14
176,0,0,94,84,4,15
176,0,0,100,96,0,16
176,0,0,101,100,0,17
176,0,0,104,106,1,18
176,0,0,106,111,0,19
176,0,0,108,117,3,20
176,0,0,111,126,0,22
176,0,0,116,127,1,23
176,0,0,123,138,4,24
176,0,0,135,148,11,25
176,0,0,150,163,16,26
176,0,0,161,174,5,27
176,0,0,165,183,0,28
176,0,0,178,195,15,29
176,0,0,197,207,11,30
176,0,0,214,226,24,31
176,0,0,236,255,25,32
176,0,0,253,271,11,33
176,0,0,266,281,4,34
176,0,0,276,286,9,35
176,0,0,282,292,1,36
176,0,0,285,295,1,37
176,0,0,289,298,5,38
176,0,0,296,306,5,39
176,0,0,305,313,3,40
176,0,0,319,318,5,41
176,0,0,328,322,0,42
176,0,0,330,329,0,43
176,0,0,332,342,1,45
176,0,0,335,342,0,46
176,0,0,336,343,0,48
176,0,0,337,348,0,51
176,0,0,338,351,0,53
176,0,0,340,351,0,54
176,0,0,342,353,2,55
176,0,0,346,357,2,57
176,0,0,350,364,3,58
176,0,0,357,379,10,59
176,0,0,370,387,8,60
176,0,0,379,395,2,61
176,0,0,380,414,0,62
176,0,0,382,418,0,63
176,0,0,388,447,19,64
176,0,0,397,466,17,65
176,0,0,411,507,39,66
176,0,0,422,526,0,67
176,0,0,424,550,4,69
176,0,0,428,575,10,70
176,0,0,434,599,25,71
176,0,0,450,667,70,72
177,0,0,1,3,0,1
177,0,0,4,4,0,2
177,0,0,6,5,0,3
177,0,0,7,5,0,4
177,0,0,8,8,0,10
177,0,0,10,17,0,12
177,0,0,12,18,0,13
177,0,0,16,30,4,17
177,0,0,25,34,1,18
177,0,0,36,40,1,19
177,0,0,48,46,10,20
177,0,0,62,61,17,21
177,0,0,76,80,16,22
177,0,0,86,89,2,23
177,0,0,95,103,11,24
177,0,0,102,118,16,25
177,0,0,108,170,2,26
177,0,0,114,184,20,27
177,0,0,121,206,8,28
177,0,0,126,237,0,29
177,0,0,130,247,2,30
177,0,0,135,253,5,31
177,0,0,139,272,15,32
177,0,0,150,321,33,33
177,0,0,163,347,25,34
177,0,0,177,371,29,35
177,0,0,192,411,26,36
177,0,0,205,450,28,37
177,0,0,231,489,39,38
177,0,0,259,521,32,39
177,0,0,276,550,35,40
177,0,0,287,587,23,41
177,0,0,300,625,18,42
177,0,0,319,651,25,43
177,0,0,337,670,5,44
177,0,0,347,693,11,45
177,0,0,351,708,16,46
177,0,0,358,736,14,47
177,0,0,366,761,6,49
177,0,0,370,791,1,51
177,0,0,374,817,14,52
177,0,0,380,839,0,53
177,0,0,384,859,8,54
177,0,0,390,902,30,55
177,0,0,394,918,0,56
177,0,0,395,928,0,57
177,0,0,397,965,0,58
177,0,0,401,991,17,59
177,0,0,406,1021,5,60
177,0,0,410,1031,22,61
177,0,0,414,1050,5,62
177,0,0,416,1090,0,64
177,0,0,420,1106,14,65
177,0,0,425,1125,26,66
177,0,0,430,1158,13,67
177,0,0,433,1185,8,69
177,0,0,435,1211,0,70
177,0,0,441,1220,11,71
177,0,0,447,1239,0,72
177,0,0,448,1333,0,74
177,0,0,450,1361,2,75
177,0,0,452,1428,11,76
177,0,0,454,1468,30,77
177,0,0,464,1507,42,78
177,0,0,477,1544,27,79
177,0,0,484,1593,29,80
177,0,0,492,1653,38,81
177,0,0,504,1686,24,82
177,0,0,513,1732,29,83
177,0,0,520,1772,31,84
177,0,0,527,1792,6,85
177,0,0,532,1806,12,86
177,0,0,535,1825,8,87
177,0,0,540,1843,4,88
177,0,0,544,1856,10,89
177,0,0,548,1874,6,90
177,0,0,551,1886,0,105
177,0,0,552,1889,0,106
177,0,0,556,1892,2,108
177,0,0,560,1899,1,109
177,0,0,562,1907,0,112
177,0,0,569,1916,6,113
177,0,0,575,1925,0,114
177,0,0,577,1933,0,115
177,0,0,580,1940,7,116
177,0,0,584,1947,0,117
177,0,0,587,1956,2,118
179,0,0,9,8,2,1
179,0,0,19,11,0,2
179,0,0,20,20,0,4
179,0,0,21,21,0,5
179,0,0,28,25,0,6
179,0,0,37,25,0,7
179,0,0,42,26,0,8
179,0,0,48,29,1,9
179,0,0,60,50,4,13
179,0,0,67,56,0,15
179,0,0,75,63,0,17
179,0,0,82,91,0,21
179,0,0,85,99,0,24
179,0,0,88,101,1,25
188,0,0,1,0,0,1
188,0,0,2,0,0,3
188,0,0,4,0,0,4
188,0,0,6,0,0,6
188,0,0,7,4,0,7
188,0,0,8,5,0,9
188,0,0,10,6,0,10
188,0,0,13,9,0,11
188,0,0,16,9,0,13
188,0,0,20,9,0,14
188,0,0,21,9,0,16
188,0,0,22,9,0,19
188,0,0,24,9,0,20
188,0,0,26,10,0,24
188,0,0,28,10,0,25
188,0,0,30,11,1,26
188,0,0,33,11,0,31
188,0,0,35,12,0,33
188,0,0,37,12,0,34
188,0,0,38,13,0,35
188,0,0,39,13,0,38
188,0,0,41,13,0,40
188,0,0,43,14,0,44
188,0,0,44,14,0,45
188,0,0,45,15,0,47
188,0,0,47,16,0,50
188,0,0,48,16,0,53
188,0,0,50,16,0,54
188,0,0,52,17,0,55
188,0,0,54,18,0,56
188,0,0,56,18,0,57
188,0,0,57,19,0,58
188,0,0,58,19,0,59
188,0,0,61,20,1,60
188,0,0,63,20,0,62
188,0,0,64,20,0,63
188,0,0,65,22,0,67
188,0,0,66,22,0,68
188,0,0,67,22,0,69
188,0,0,68,23,0,71
188,0,0,69,23,0,72
188,0,0,71,23,0,73
188,0,0,73,27,0,79
188,0,0,74,32,0,80
188,0,0,75,37,0,81
188,0,0,76,39,0,82
188,0,0,78,39,0,84
188,0,0,79,40,0,85
188,0,0,81,40,0,86
188,0,0,82,43,0,87
188,0,0,86,47,0,89
188,0,0,90,48,0,90
188,0,0,92,52,0,92
188,0,0,94,53,0,93
188,0,0,95,54,0,94
188,0,0,98,56,1,96
188,0,0,101,59,0,99
188,0,0,102,59,0,100
188,0,0,104,63,0,102
188,0,0,105,65,0,103
188,0,0,107,73,0,106
188,0,0,111,78,0,112
188,0,0,115,78,0,117
190,0,0,2,0,0,1
190,0,0,5,0,0,2
190,0,0,7,2,0,5
190,0,0,10,3,0,7
190,0,0,12,8,0,12
192,0,0,17,6,7,1
192,0,0,36,16,2,2
192,0,0,39,19,0,4
192,0,0,41,31,0,6
192,0,0,44,37,5,7
192,0,0,48,41,0,8
192,0,0,51,48,5,9
192,0,0,55,54,2,10
192,0,0,56,61,0,11
192,0,0,57,66,0,12
192,0,0,58,68,0,14
192,0,0,61,74,1,20
192,0,0,63,75,0,21
192,0,0,64,78,0,25
192,0,0,66,80,0,33
192,0,0,69,83,0,40
192,0,0,70,84,0,42
198,0,0,3,11,3,1
198,0,0,9,16,1,2
198,0,0,15,18,0,3
198,0,0,25,21,6,4
198,0,0,32,33,7,5
198,0,0,37,38,3,6
198,0,0,43,45,3,7
198,0,0,47,50,1,8
198,0,0,50,53,1,10
198,0,0,57,64,7,11
198,0,0,63,74,3,12
198,0,0,65,88,0,15
198,0,0,68,99,3,16
198,0,0,71,123,4,17
198,0,0,73,136,0,18
198,0,0,75,138,0,19
198,0,0,77,150,2,21
198,0,0,80,152,1,22
198,0,0,84,160,6,23
198,0,0,88,167,13,24
198,0,0,92,181,2,25
198,0,0,93,184,0,26
198,0,0,95,189,0,27
198,0,0,96,195,0,28
198,0,0,98,196,0,29
198,0,0,99,198,0,30
198,0,0,101,203,1,31
198,0,0,103,211,0,32
198,0,0,109,215,6,33
198,0,0,113,223,0,34
198,0,0,116,227,2,35
198,0,0,119,232,3,36
198,0,0,122,236,1,37
198,0,0,125,243,0,38
198,0,0,127,247,1,39
198,0,0,131,250,3,40
198,0,0,135,254,1,41
198,0,0,138,256,0,42
198,0,0,140,262,1,43
198,0,0,143,262,0,44
198,0,0,147,265,2,45
198,0,0,148,275,0,47
198,0,0,150,289,0,49
198,0,0,153,294,6,50
198,0,0,155,313,0,53
198,0,0,156,344,0,55
198,0,0,157,366,0,57
198,0,0,159,371,1,58
198,0,0,160,384,0,60
198,0,0,163,392,8,61
198,0,0,167,403,1,62
198,0,0,169,406,0,63
198,0,0,170,428,0,65
198,0,0,175,441,3,66
198,0,0,181,449,6,67
198,0,0,185,459,1,68
198,0,0,187,475,0,70
198,0,0,211,492,16,71
198,0,0,244,512,16,72
198,0,0,270,529,10,73
198,0,0,301,536,8,74
198,0,0,329,548,8,75
198,0,0,359,558,13,76
198,0,0,398,570,11,77
198,0,0,432,583,7,78
198,0,0,455,586,1,79
198,0,0,477,591,9,80
198,0,0,495,597,3,81
198,0,0,501,605,0,82
198,0,0,507,609,5,83
198,0,0,517,614,1,84
198,0,0,524,617,0,85
198,0,0,529,619,3,86
198,0,0,533,626,5,87
198,0,0,544,636,5,88
198,0,0,556,642,9,89
198,0,0,575,652,3,90
198,0,0,612,659,6,91
198,0,0,638,670,10,92
198,0,0,666,683,9,93
198,0,0,698,709,28,94
198,0,0,714,725,15,95
198,0,0,742,738,1,96
198,0,0,784,748,9,97
198,0,0,815,756,8,98
198,0,0,835,760,1,99
198,0,0,855,766,4,100
198,0,0,874,769,4,101
198,0,0,890,772,1,102
198,0,0,902,776,1,103
198,0,0,907,787,10,104
198,0,0,911,796,6,105
198,0,0,916,805,6,106
198,0,0,919,807,1,107
198,0,0,922,810,1,108
198,0,0,925,813,0,109
198,0,0,930,815,4,110
198,0,0,935,820,0,111
198,0,0,938,829,8,112
198,0,0,941,842,2,114
198,0,0,942,845,0,115
212,0,0,1,3,1,1
212,0,0,4,5,0,2
212,0,0,5,5,0,3
212,0,0,6,5,0,4
212,0,0,8,5,0,5
212,0,0,9,6,0,6
212,0,0,11,7,0,7
212,0,0,13,8,0,8
212,0,0,15,9,1,9
212,0,0,17,11,2,10
212,0,0,21,13,0,11
212,0,0,24,19,0,12
212,0,0,25,19,0,13
212,0,0,26,19,0,14
212,0,0,28,20,0,15
212,0,0,30,20,0,16
212,0,0,31,22,0,18
212,0,0,33,22,0,19
212,0,0,34,25,0,22
212,0,0,36,28,2,23
212,0,0,38,29,0,25
212,0,0,39,30,0,26
212,0,0,40,32,0,29
212,0,0,42,34,0,32
212,0,0,44,35,1,33
212,0,0,46,35,0,34
212,0,0,47,35,0,35
212,0,0,48,36,0,38
212,0,0,49,36,0,39
212,0,0,51,37,0,42
212,0,0,52,37,0,43
212,0,0,53,38,0,46
212,0,0,55,40,0,47
212,0,0,58,42,2,50
212,0,0,60,43,0,51
212,0,0,61,43,0,52
212,0,0,63,43,0,54
212,0,0,64,44,0,55
212,0,0,67,49,1,57
212,0,0,70,49,0,58
212,0,0,71,53,0,63
212,0,0,72,53,0,64
212,0,0,74,58,1,66
212,0,0,77,58,0,68
212,0,0,78,59,0,69
212,0,0,80,61,0,72
212,0,0,81,61,0,73
212,0,0,83,61,0,74
212,0,0,84,67,0,76
212,0,0,86,68,2,77
212,0,0,88,77,0,79
212,0,0,89,79,0,81
212,0,0,92,82,2,82
212,0,0,96,84,0,84
212,0,0,100,107,8,86
212,0,0,102,123,0,88
212,0,0,105,129,3,89
212,0,0,107,131,0,90
212,0,0,109,136,3,91
212,0,0,110,138,0,92
212,0,0,111,153,0,94
212,0,0,113,155,3,95
212,0,0,116,166,6,97
212,0,0,117,179,0,98
212,0,0,119,183,0,99
212,0,0,121,184,0,100
212,0,0,123,190,3,101
212,0,0,124,202,0,102
212,0,0,126,206,0,103
212,0,0,127,210,0,104
212,0,0,129,214,0,105
212,0,0,130,217,0,107
212,0,0,133,226,8,109
212,0,0,135,229,0,110
212,0,0,137,231,0,111
220,0,0,2,36,1,1
220,0,0,4,38,0,5
220,0,0,5,38,0,6
220,0,0,6,38,0,7
220,0,0,7,38,0,8
220,0,0,8,38,0,9
220,0,0,9,39,0,11
220,0,0,10,41,0,15
220,0,0,11,42,0,16
220,0,0,13,49,5,18
220,0,0,15,53,0,19
220,0,0,16,59,0,22
220,0,0,18,63,0,25
224,1,0,0,2,0,1
224,1,0,1,2,0,2
224,1,0,5,7,1,3
224,1,0,10,8,2,4
224,1,0,13,9,0,5
224,1,0,16,12,2,6
224,1,0,27,15,1,7
224,1,0,38,15,0,8
229,0,0,1,4,0,1
229,0,0,2,4,0,2
229,0,0,3,4,0,3
229,0,0,5,12,6,5
229,0,0,10,18,4,6
229,0,0,15,22,3,7
229,0,0,18,25,0,8
229,0,0,23,28,1,9
229,0,0,27,34,0,10
229,0,0,29,38,1,11
229,0,0,34,44,7,12
229,0,0,39,49,2,13
229,0,0,45,52,1,14
229,0,0,50,55,2,15
229,0,0,53,60,1,16
229,0,0,58,73,9,17
229,0,0,65,80,3,18
229,0,0,71,83,8,19
229,0,0,74,92,1,20
229,0,0,76,97,0,21
229,0,0,79,98,1,22
229,0,0,82,99,0,23
229,0,0,86,101,1,24
229,0,0,91,106,1,25
229,0,0,95,109,3,26
229,0,0,101,118,2,27
229,0,0,105,121,0,28
229,0,0,109,125,2,29
229,0,0,112,129,0,30
229,0,0,114,131,0,31
229,0,0,117,133,2,32
229,0,0,119,133,0,33
229,0,0,120,137,0,36
229,0,0,121,138,0,37
229,0,0,123,138,0,38
229,0,0,125,139,0,39
229,0,0,128,146,2,40
229,0,0,130,147,0,41
229,0,0,132,148,0,42
229,0,0,136,152,3,43
229,0,0,138,157,0,44
229,0,0,140,157,0,45
229,0,0,143,159,0,46
229,0,0,145,162,0,48
229,0,0,147,163,2,49
229,0,0,149,165,1,50
229,0,0,151,167,0,51
229,0,0,152,171,0,52
229,0,0,155,172,0,53
229,0,0,158,180,2,56
229,0,0,160,187,0,57
229,0,0,161,191,0,58
229,0,0,162,196,0,60
229,0,0,163,197,0,61
229,0,0,165,198,0,62
229,0,0,167,199,0,63
229,0,0,168,201,0,64
229,0,0,169,207,0,65
229,0,0,171,214,2,66
229,0,0,174,218,1,67
229,0,0,175,220,0,68
229,0,0,176,220,0,75
229,0,0,177,221,0,77
229,0,0,179,226,0,84
229,0,0,180,228,0,87
229,0,0,183,230,0,90
231,0,0,0,0,0,1
231,0,0,2,0,0,6
231,0,0,3,0,0,10
231,0,0,5,0,0,12
231,0,0,6,1,0,14
233,0,0,0,0,0,1
233,0,0,1,3,0,10
233,0,0,2,4,0,30
233,0,0,3,4,0,32
233,0,0,5,4,0,33
233,0,0,7,8,0,43
233,0,0,8,10,0,46
233,0,0,9,13,0,48
233,0,0,10,21,0,55
233,0,0,11,23,0,58
233,0,0,12,36,0,79
233,0,0,13,40,0,82
233,0,0,14,47,0,85
233,0,0,16,50,1,86
233,0,0,17,50,0,87
233,0,0,18,53,0,90
233,0,0,20,56,1,92
233,0,0,21,56,0,93
233,0,0,22,60,0,94
233,0,0,23,64,0,97
233,0,0,25,64,0,98
233,0,0,27,69,1,100
233,0,0,30,70,0,103
233,0,0,32,71,0,104
233,0,0,33,78,0,111
234,0,0,1,40,1,1
234,0,0,3,52,0,2
234,0,0,7,53,1,3
234,0,0,9,58,0,5
234,0,0,10,63,0,6
234,0,0,13,67,1,7
234,0,0,16,72,2,9
234,0,0,18,79,1,10
234,0,0,19,86,0,15
234,0,0,21,127,0,30
234,0,0,23,164,0,41
234,0,0,25,169,2,43
234,0,0,26,171,0,44
234,0,0,27,180,0,45
234,0,0,28,195,0,46
234,0,0,30,204,1,47
234,0,0,35,209,3,48
234,0,0,44,214,8,49
234,0,0,52,245,0,51
234,0,0,53,248,0,52
234,0,0,55,264,2,55
234,0,0,57,275,3,57
234,0,0,61,299,5,60
234,0,0,64,307,0,61
242,0,0,2,3,0,1
242,0,0,13,6,1,2
242,0,0,21,7,0,3
242,0,0,24,8,0,4
242,0,0,31,9,1,5
242,0,0,37,11,1,6
242,0,0,40,14,0,8
242,0,0,44,14,0,9
245,1,0,3,2,1,1
251,0,0,14,7,4,1
251,0,0,28,9,0,3
251,0,0,32,10,2,4
251,0,0,36,23,2,5
251,0,0,38,25,0,6
251,0,0,43,31,4,7
251,0,0,49,42,12,8
251,0,0,54,52,5,9
251,0,0,56,68,0,10
251,0,0,58,122,1,12
251,0,0,62,139,5,13
251,0,0,67,150,10,14
251,0,0,73,164,8,15
251,0,0,80,194,8,16
251,0,0,86,209,2,17
251,0,0,89,223,8,18
251,0,0,99,267,10,19
251,0,0,108,276,0,20
251,0,0,115,295,19,21
251,0,0,130,319,13,22
251,0,0,148,333,13,23
251,0,0,160,359,17,24
251,0,0,173,392,33,25
251,0,0,188,422,11,26
251,0,0,197,451,14,27
251,0,0,202,462,0,28
251,0,0,206,507,27,29
251,0,0,215,540,14,30
251,0,0,229,564,15,31
251,0,0,242,579,17,32
251,0,0,250,601,11,33
251,0,0,257,619,8,34
251,0,0,262,639,3,36
251,0,0,266,645,4,37
251,0,0,269,663,14,38
251,0,0,272,678,5,39
251,0,0,277,690,6,40
251,0,0,281,703,1,41
251,0,0,284,715,3,42
251,0,0,288,728,13,43
251,0,0,292,737,9,44
251,0,0,297,747,6,45
251,0,0,301,754,3,46
251,0,0,306,765,6,47
251,0,0,311,777,5,48
251,0,0,317,785,10,49
251,0,0,323,797,12,50
251,0,0,327,813,3,51
251,0,0,331,823,1,52
251,0,0,335,830,6,53
251,0,0,338,837,0,54
251,0,0,342,846,6,55
251,0,0,346,853,8,56
251,0,0,351,861,4,57
251,0,0,357,866,1,58
251,0,0,364,880,6,59
251,0,0,370,891,15,60
251,0,0,375,898,2,61
251,0,0,381,908,13,62
251,0,0,388,925,15,63
251,0,0,394,933,2,64
251,0,0,402,949,15,65
251,0,0,415,959,2,66
251,0,0,430,967,7,67
251,0,0,440,973,2,68
251,0,0,448,980,3,69
251,0,0,459,984,7,70
251,0,0,468,996,7,71
251,0,0,479,1008,8,72
251,0,0,488,1020,12,73
251,0,0,496,1032,11,74
251,0,0,503,1037,3,75
256,0,0,1,0,0,1
256,0,0,4,1,0,3
256,0,0,8,1,0,6
256,0,0,10,1,0,7
256,0,0,11,1,0,8
256,0,0,14,1,0,10
256,0,0,20,7,0,37
256,0,0,24,7,0,38
256,0,0,25,7,0,40
257,0,0,5,8,2,1
257,0,0,12,17,4,3
257,0,0,16,26,8,4
257,0,0,21,35,9,5
257,0,0,25,44,0,6
257,0,0,32,64,18,7
257,0,0,38,84,2,8
257,0,0,44,96,22,9
257,0,0,50,129,16,10
257,0,0,56,142,8,11
257,0,0,60,153,0,12
257,0,0,63,168,17,13
257,0,0,67,184,6,14
257,0,0,70,197,7,15
257,0,0,74,206,4,16
257,0,0,77,211,0,17
257,0,0,78,212,0,18
257,0,0,79,215,0,59
262,0,0,2,1,0,1
263,0,0,1,1,0,1
263,0,0,2,3,0,6
263,0,0,3,4,0,7
263,0,0,4,4,0,8
263,0,0,8,6,1,11
263,0,0,12,8,0,12
263,0,0,14,9,0,17
263,0,0,15,9,0,18
263,0,0,17,11,0,20
263,0,0,19,18,0,24
263,0,0,22,21,0,25
263,0,0,25,25,1,26
263,0,0,28,29,3,27
263,0,0,31,58,0,31
263,0,0,33,59,1,32
263,0,0,34,65,0,33
263,0,0,36,68,2,36
263,0,0,39,69,0,37
263,0,0,41,76,0,43
263,0,0,43,80,0,44
263,0,0,45,86,2,45
263,0,0,47,86,0,46
263,0,0,48,90,0,49
263,0,0,49,96,0,52
263,0,0,50,116,0,57
263,0,0,52,121,0,61
263,0,0,53,121,0,62
263,0,0,54,123,0,63
268,0,0,1,4,0,1
268,0,0,3,6,0,5
268,0,0,7,8,5,6
269,0,0,0,0,0,1
269,0,0,1,0,0,6
269,0,0,3,0,0,9
269,0,0,5,0,0,12
269,0,0,6,0,0,14
269,0,0,8,1,0,15
269,0,0,9,2,0,16
269,0,0,10,3,0,18
269,0,0,11,6,0,22
269,0,0,13,6,0,26
269,0,0,15,6,0,28
269,0,0,18,9,1,29
269,0,0,22,9,0,30
269,0,0,25,10,1,31
269,0,0,27,11,0,32
269,0,0,28,11,0,34
269,0,0,30,11,0,39
269,0,0,32,12,1,41
269,0,0,33,12,0,43
269,0,0,34,12,0,44
269,0,0,36,15,1,45
269,0,0,39,16,0,47
269,0,0,42,16,0,48
269,0,0,45,18,1,49
269,0,0,48,18,0,50
269,0,0,50,18,0,51
269,0,0,52,19,0,52
269,0,0,55,20,0,53
269,0,0,57,25,1,57
269,0,0,59,26,1,58
272,0,0,3,11,5,1
278,0,0,6,14,1,1
278,0,0,15,16,0,2
278,0,0,22,17,2,3
278,0,0,30,24,6,4
278,0,0,40,33,5,5
278,0,0,50,41,6,6
278,0,0,56,49,5,7
278,0,0,59,56,1,8
278,0,0,62,61,3,9
278,0,0,67,71,0,10
278,0,0,71,72,1,11
278,0,0,76,77,3,12
278,0,0,80,86,10,13
278,0,0,83,104,4,14
278,0,0,87,110,2,15
278,0,0,92,118,9,16
278,0,0,99,123,2,17
278,0,0,104,130,8,18
278,0,0,108,137,5,19
278,0,0,118,143,7,20
278,0,0,128,151,7,21
278,0,0,133,157,2,22
278,0,0,139,171,3,24
278,0,0,145,178,4,25
278,0,0,151,187,16,26
278,0,0,156,200,3,27
278,0,0,159,208,9,28
278,0,0,161,214,2,29
278,0,0,163,215,0,30
278,0,0,166,216,2,31
278,0,0,169,220,0,32
278,0,0,171,224,0,33
278,0,0,174,229,0,35
278,0,0,176,230,0,36
278,0,0,178,233,1,37
278,0,0,181,242,2,39
278,0,0,183,244,3,40
278,0,0,186,247,0,41
278,0,0,189,250,4,42
278,0,0,194,255,4,44
278,0,0,197,259,0,45
278,0,0,201,264,3,46
278,0,0,205,272,0,48
278,0,0,208,277,6,49
278,0,0,212,289,13,50
278,0,0,214,298,0,52
278,0,0,217,300,3,53
278,0,0,219,303,0,54
278,0,0,220,307,0,55
278,0,0,221,310,0,56
278,0,0,223,312,2,57
278,0,0,226,315,1,58
278,0,0,229,320,8,59
278,0,0,234,329,5,60
278,0,0,239,331,4,61
278,0,0,243,340,2,63
278,0,0,245,345,0,64
278,0,0,247,356,1,65
278,0,0,251,359,2,66
278,0,0,254,362,1,67
278,0,0,257,363,3,68
278,0,0,260,366,0,69
278,0,0,262,368,2,70
278,0,0,264,370,0,71
278,0,0,266,377,1,72
278,0,0,270,382,7,73
278,0,0,275,391,5,74
278,0,0,277,394,0,75
278,0,0,279,400,3,76
278,0,0,282,405,4,77
278,0,0,285,412,0,78
278,0,0,290,420,0,80
278,0,0,297,426,6,81
278,0,0,300,432,0,83
278,0,0,302,436,1,84
278,0,0,304,437,1,85
278,0,0,305,449,0,86
278,0,0,306,452,0,89
278,0,0,307,457,0,95
284,1,0,4,11,9,1
284,1,0,12,17,3,2
284,1,0,17,20,1,3
284,1,0,20,27,4,4
284,1,0,23,36,4,5
284,1,0,27,40,5,6
284,1,0,33,51,5,7
284,1,0,39,54,2,8
284,1,0,44,63,9,10
284,1,0,47,76,0,11
284,1,0,50,80,2,12
284,1,0,54,84,4,13
284,1,0,58,89,3,14
284,1,0,62,99,6,15
284,1,0,65,107,0,16
284,1,0,69,109,1,17
284,1,0,73,113,3,18
284,1,0,76,120,3,20
284,1,0,79,124,0,21
284,1,0,81,128,0,22
284,1,0,83,128,0,23
284,1,0,84,137,0,27
284,1,0,86,140,0,28
284,1,0,87,140,0,29
284,1,0,88,144,0,30
284,1,0,90,149,2,31
284,1,0,92,151,0,33
284,1,0,93,154,0,34
284,1,0,94,160,0,35
284,1,0,95,167,0,37
284,1,0,96,170,0,38
284,1,0,97,177,0,39
284,1,0,98,179,0,41
284,1,0,100,181,1,42
284,1,0,103,184,1,43
284,1,0,105,192,0,47
284,1,0,106,192,0,48
284,1,0,108,197,0,49
284,1,0,110,198,0,51
284,1,0,112,198,0,52
284,1,0,113,211,0,54
284,1,0,116,218,5,55
284,1,0,120,219,0,56
284,1,0,123,224,0,57
284,1,0,126,227,2,59
284,1,0,127,228,0,60
284,1,0,129,243,0,62
284,1,0,132,245,1,63
284,1,0,134,250,0,64
284,1,0,135,254,0,65
284,1,0,137,256,1,66
284,1,0,142,260,0,67
284,1,0,146,262,0,68
284,1,0,148,267,2,69
284,1,0,149,270,0,70
284,1,0,150,280,0,74
284,1,0,151,290,0,76
284,1,0,154,305,10,83
284,1,0,159,311,1,84
284,1,0,162,318,0,85
284,1,0,164,320,0,86
284,1,0,166,323,6,87
284,1,0,168,332,6,89
284,1,0,170,337,0,90
284,1,0,172,339,1,91
284,1,0,175,343,3,93
284,1,0,178,347,0,94
284,1,0,179,349,0,95
284,1,0,180,352,0,100
284,1,0,181,354,0,102
292,0,0,0,5,0,1
292,0,0,2,14,0,4
292,0,0,10,19,1,5
292,0,0,18,24,3,6
292,0,0,24,30,10,7
292,0,0,30,37,4,8
292,0,0,33,43,0,9
292,0,0,36,49,9,10
292,0,0,42,58,3,11
292,0,0,49,62,1,12
292,0,0,52,64,0,13
292,0,0,57,74,12,14
292,0,0,63,88,12,15
292,0,0,69,99,8,16
292,0,0,75,106,1,17
292,0,0,80,118,7,18
292,0,0,86,125,5,19
292,0,0,92,129,1,20
292,0,0,98,135,9,21
292,0,0,106,147,8,22
292,0,0,114,158,3,23
292,0,0,116,167,0,24
292,0,0,121,177,0,26
292,0,0,127,178,0,27
292,0,0,130,181,1,28
292,0,0,134,187,8,29
292,0,0,138,199,4,30
292,0,0,140,215,0,31
292,0,0,142,224,7,32
292,0,0,144,288,0,37
292,0,0,146,290,1,38
292,0,0,149,302,0,40
292,0,0,150,324,0,42
292,0,0,153,333,1,43
292,0,0,155,341,0,44
292,0,0,156,355,0,45
292,0,0,157,379,0,47
292,0,0,159,384,2,48
292,0,0,162,394,4,49
292,0,0,163,402,0,50
292,0,0,165,414,9,51
292,0,0,168,426,9,52
292,0,0,173,452,5,53
292,0,0,181,463,5,54
292,0,0,185,492,10,56
292,0,0,191,508,21,57
292,0,0,197,529,11,58
292,0,0,200,539,7,59
292,0,0,207,561,7,60
292,0,0,215,579,19,61
292,0,0,220,608,24,62
292,0,0,223,636,3,63
292,0,0,229,657,26,64
292,0,0,236,675,11,65
292,0,0,239,687,0,66
292,0,0,243,710,15,67
292,0,0,251,721,2,68
292,0,0,259,727,5,69
292,0,0,264,735,11,70
292,0,0,271,757,18,71
292,0,0,278,774,15,72
292,0,0,284,790,1,73
292,0,0,290,793,12,74
292,0,0,298,814,13,75
292,0,0,305,828,11,76
292,0,0,312,837,8,77
292,0,0,318,855,11,78
292,0,0,326,873,17,79
292,0,0,340,906,8,81
292,0,0,352,921,11,82
292,0,0,362,934,6,83
292,0,0,371,942,8,84
292,0,0,380,949,3,85
292,0,0,386,958,2,86
292,0,0,391,969,1,87
292,0,0,397,988,7,89
292,0,0,400,996,3,90
292,0,0,406,1000,2,91
292,0,0,411,1007,0,92
292,0,0,413,1012,2,93
292,0,0,416,1020,3,94
292,0,0,417,1026,0,95
292,0,0,420,1030,3,96
292,0,0,422,1036,0,97
292,0,0,424,1042,3,98
292,0,0,426,1048,1,99
296,0,0,1,0,0,1
296,0,0,3,0,0,2
296,0,0,6,5,0,17
296,0,0,9,5,0,18
296,0,0,12,5,0,19
296,0,0,13,5,0,20
296,0,0,14,5,0,23
296,0,0,15,5,0,27
298,0,0,77,5,1,1
298,0,0,163,5,0,2
298,0,0,174,9,0,3
298,0,0,176,9,0,9
298,0,0,177,9,0,10
298,0,0,182,10,0,16
298,0,0,188,11,0,17
298,0,0,189,15,0,59
299,0,0,1,5,1,1
299,0,0,4,8,0,2
301,0,0,2,6,3,1
301,0,0,7,10,5,2
301,0,0,11,22,1,3
301,0,0,15,25,5,4
301,0,0,18,39,7,6
301,0,0,22,45,2,7
301,0,0,26,48,6,8
301,0,0,33,63,9,9
301,0,0,41,73,5,10
301,0,0,45,76,0,11
301,0,0,48,84,4,12
301,0,0,60,98,8,13
301,0,0,74,103,10,14
301,0,0,81,116,6,15
301,0,0,87,134,5,16
301,0,0,95,139,1,17
301,0,0,104,161,14,18
301,0,0,113,171,5,19
301,0,0,122,200,10,20
301,0,0,133,232,3,21
301,0,0,143,237,1,22
301,0,0,153,264,10,23
301,0,0,161,294,0,25
301,0,0,163,312,7,26
301,0,0,165,329,11,27
301,0,0,170,348,3,28
301,0,0,175,365,24,29
301,0,0,178,402,3,31
301,0,0,180,417,0,32
301,0,0,181,427,0,33
301,0,0,182,460,0,35
301,0,0,183,492,0,37
301,0,0,191,524,11,39
301,0,0,199,541,7,40
301,0,0,201,548,4,41
301,0,0,206,563,2,42
301,0,0,210,565,1,43
301,0,0,212,577,11,44
301,0,0,213,584,0,45
301,0,0,218,607,13,46
301,0,0,224,632,2,47
301,0,0,228,638,0,48
301,0,0,232,657,0,49
301,0,0,241,677,1,50
301,0,0,251,683,3,51
301,0,0,254,692,0,52
301,0,0,256,715,0,53
301,0,0,257,740,0,54
301,0,0,258,744,0,55
301,0,0,259,807,0,57
301,0,0,260,808,0,58
301,0,0,261,858,0,61
301,0,0,262,880,0,62
301,0,0,265,904,1,63
302,0,0,3,2,0,1
302,0,0,7,5,2,4
302,0,0,9,8,0,5
302,0,0,10,11,0,6
302,0,0,11,17,0,7
302,0,0,12,21,0,9
302,0,0,13,28,0,11
302,0,0,14,31,0,12
302,0,0,16,42,1,15
302,0,0,19,51,1,16
302,0,0,21,56,0,17
302,0,0,23,73,2,18
302,0,0,24,78,0,19
302,0,0,25,86,0,21
302,0,0,26,100,0,23
302,0,0,27,101,0,24
302,0,0,29,107,0,25
302,0,0,31,110,3,26
302,0,0,32,114,0,27
302,0,0,34,117,4,28
302,0,0,36,132,0,38
302,0,0,38,143,0,40
302,0,0,41,147,1,41
302,0,0,43,148,0,42
302,0,0,44,148,0,43
302,0,0,46,154,0,44
302,0,0,48,164,1,46
302,0,0,50,179,0,50
302,0,0,51,184,0,52
302,0,0,54,185,1,53
302,0,0,57,190,7,54
302,0,0,61,197,3,55
302,0,0,64,198,0,56
302,0,0,66,201,0,57
302,0,0,68,210,0,58
302,0,0,70,210,0,59
302,0,0,73,224,4,61
302,0,0,75,226,0,62
302,0,0,77,233,0,63
302,0,0,79,237,3,64
302,0,0,82,242,6,66
302,0,0,84,258,0,68
302,0,0,86,259,0,69
302,0,0,89,280,7,70
302,0,0,100,289,13,71
302,0,0,112,307,11,72
302,0,0,123,327,20,73
302,0,0,134,352,17,74
302,0,0,141,381,23,75
302,0,0,148,411,17,76
302,0,0,158,444,28,77
302,0,0,177,479,32,78
302,0,0,191,532,9,79
302,0,0,193,551,17,80
305,0,0,1,15,1,1
305,0,0,3,16,2,2
305,0,0,6,18,0,7
305,0,0,7,18,0,8
305,0,0,8,18,0,9
305,0,0,9,18,0,11
306,0,0,3,0,0,1
308,0,0,1,3,0,1
308,0,0,3,4,0,2
308,0,0,4,4,0,3
308,0,0,5,4,0,5
308,0,0,14,8,2,8
308,0,0,23,11,1,9
308,0,0,26,13,0,13
308,0,0,29,13,0,14
308,0,0,31,24,2,18
308,0,0,33,27,3,19
308,0,0,38,30,0,20
308,0,0,44,31,2,21
308,0,0,48,36,2,22
308,0,0,53,40,0,23
308,0,0,56,42,0,24
308,0,0,57,45,0,26
308,0,0,61,49,0,29
308,0,0,65,50,1,31
308,0,0,67,52,0,33
308,0,0,70,54,0,36
308,0,0,74,54,0,37
308,0,0,79,55,1,38
308,0,0,81,59,0,39
308,0,0,85,60,1,40
308,0,0,93,73,2,41
308,0,0,99,89,3,42
308,0,0,103,90,0,43
308,0,0,104,92,0,44
308,0,0,106,92,0,45
308,0,0,109,94,3,46
308,0,0,115,96,1,47
308,0,0,121,99,0,48
308,0,0,135,106,0,49
308,0,0,155,107,0,50
308,0,0,165,112,4,51
308,0,0,168,118,2,53
308,0,0,172,126,1,54
308,0,0,177,128,5,55
308,0,0,183,135,2,56
308,0,0,186,138,0,57
308,0,0,189,140,0,58
308,0,0,194,141,0,59
308,0,0,197,143,0,60
308,0,0,199,148,4,61
308,0,0,201,155,3,62
308,0,0,203,160,0,63
308,0,0,204,165,0,64
308,0,0,216,168,0,65
308,0,0,231,169,0,66
308,0,0,243,170,1,67
308,0,0,259,174,0,68
308,0,0,274,179,2,69
308,0,0,283,180,0,70
308,0,0,286,188,0,72
308,0,0,292,189,2,73
308,0,0,302,195,9,74
308,0,0,311,204,3,75
308,0,0,322,210,9,76
308,0,0,330,221,0,77
308,0,0,332,226,0,78
308,0,0,334,231,0,79
308,0,0,336,250,4,81
308,0,0,344,275,0,82
308,0,0,351,276,0,83
308,0,0,352,276,0,84
308,0,0,356,281,0,86
308,0,0,362,282,1,87
308,0,0,367,295,2,88
308,0,0,370,300,0,89
308,0,0,376,303,3,90
308,0,0,380,304,0,91
308,0,0,382,311,1,92
308,0,0,395,313,2,93
308,0,0,406,318,0,97
313,0,0,2,0,0,1
313,0,0,5,1,0,10
314,0,0,2,0,0,1
314,0,0,6,0,0,4
314,0,0,10,0,0,5
314,0,0,13,2,3,6
314,0,0,16,5,0,7
314,0,0,17,6,0,9
314,0,0,18,6,0,10
315,0,0,0,0,0,1
315,0,0,3,0,0,2
315,0,0,6,0,0,3
315,0,0,10,0,0,4
315,0,0,14,0,0,5
315,0,0,17,0,0,6
315,0,0,20,1,0,10
315,0,0,21,2,0,11
315,0,0,23,2,0,12
316,0,0,0,4,0,1
316,0,0,1,4,0,3
316,0,0,2,8,0,8
316,0,0,4,10,1,9
316,0,0,6,10,0,13
320,0,0,0,0,0,1
320,0,0,1,0,0,2
320,0,0,2,0,0,3
320,0,0,6,1,0,8
320,0,0,10,4,0,21
320,0,0,12,4,0,26
320,0,0,13,4,0,28
320,0,0,14,4,0,39
320,0,0,15,6,0,40
320,0,0,16,6,0,41
320,0,0,17,12,0,45
320,0,0,18,15,0,58
320,0,0,20,21,2,60
320,0,0,21,29,0,63
320,0,0,23,32,0,65
320,0,0,25,32,0,66
320,0,0,26,35,0,69
320,0,0,29,37,1,70
320,0,0,33,38,0,71
320,0,0,36,38,0,73
320,0,0,38,40,0,74
320,0,0,39,40,0,75
320,0,0,40,43,0,78
320,0,0,42,44,2,79
320,0,0,43,47,0,82
320,0,0,44,56,0,84
320,0,0,45,61,0,87
320,0,0,46,66,0,90
320,0,0,47,73,0,97
321,1,0,1,0,0,1
321,1,0,2,0,0,2
321,1,0,3,0,0,6
321,1,0,4,0,0,10
321,1,0,6,0,0,11
321,1,0,9,1,1,12
321,1,0,11,1,0,13
321,1,0,12,1,0,14
321,1,0,13,2,0,15
337,0,0,3,2,1,1
337,0,0,10,3,1,2
337,0,0,15,3,0,3
337,0,0,18,4,1,4
337,0,0,20,5,0,5
337,0,0,22,7,0,6
337,0,0,26,8,0,8
337,0,0,30,9,2,9
337,0,0,35,13,2,10
337,0,0,41,15,1,11
337,0,0,44,16,1,12
337,0,0,47,17,1,13
337,0,0,53,19,0,14
337,0,0,59,20,0,15
337,0,0,61,20,0,16
337,0,0,63,21,0,17
337,0,0,66,21,0,18
337,0,0,67,21,0,20
337,0,0,69,22,1,21
337,0,0,71,26,0,23
337,0,0,73,27,0,25
337,0,0,75,29,0,26
337,0,0,76,33,0,28
337,0,0,78,33,0,30
337,0,0,81,33,0,31
337,0,0,84,34,2,32
337,0,0,86,35,0,34
337,0,0,88,44,0,35
337,0,0,91,48,2,36
337,0,0,94,56,4,37
337,0,0,96,60,0,38
337,0,0,97,60,0,39
337,0,0,99,61,0,41
337,0,0,100,61,0,42
337,0,0,101,81,0,49
337,0,0,102,84,0,50
337,0,0,104,97,0,54
337,0,0,107,102,1,57
337,0,0,109,102,0,58
337,0,0,110,103,0,59
337,0,0,111,104,0,60
337,0,0,114,107,1,61
337,0,0,116,117,0,65
337,0,0,118,125,1,68
337,0,0,119,135,0,69
337,0,0,121,139,0,70
337,0,0,125,151,6,74
337,0,0,129,181,3,75
337,0,0,146,184,2,76
337,0,0,171,191,6,77
337,0,0,182,207,0,78
337,0,0,183,221,0,81
344,0,0,0,1,0,1
344,0,0,1,2,0,2
344,0,0,3,4,2,3
344,0,0,4,6,0,15
345,0,0,1,0,0,1
345,0,0,3,0,0,3
345,0,0,7,1,0,18
345,0,0,10,1,0,19
345,0,0,11,1,0,20
345,0,0,13,1,0,21
345,0,0,15,1,0,22
345,0,0,17,1,0,23
345,0,0,20,1,0,26
345,0,0,22,1,0,27
345,0,0,24,1,0,28
345,0,0,25,4,0,35
345,0,0,28,5,1,36
345,0,0,30,5,0,37
345,0,0,31,7,0,39
345,0,0,32,7,0,40
345,0,0,33,7,0,41
351,0,0,1,0,0,1
351,0,0,2,0,0,2
351,0,0,4,2,0,7
351,0,0,7,3,1,8
351,0,0,11,5,0,9
353,0,0,0,1,0,1
353,0,0,1,2,0,9
353,0,0,2,3,0,14
353,0,0,3,3,0,19
353,0,0,4,4,0,21
353,0,0,5,4,0,23
353,0,0,6,4,0,24
353,0,0,8,4,0,25
353,0,0,10,4,0,31
353,0,0,11,4,0,32
353,0,0,15,4,0,33
353,0,0,19,5,0,34
353,0,0,22,5,0,35
353,0,0,25,6,0,37
353,0,0,26,8,0,40
353,0,0,29,18,0,58
353,0,0,33,22,0,60
353,0,0,35,23,0,62
353,0,0,37,29,0,63
353,0,0,41,29,0,64
353,0,0,44,32,1,65
353,0,0,46,40,0,66
353,0,0,51,53,0,67
353,0,0,54,58,0,68
353,0,0,55,59,0,69
353,0,0,57,60,0,70
353,0,0,63,62,2,71
353,0,0,68,65,4,72
353,0,0,71,76,13,73
353,0,0,74,88,4,74
353,0,0,75,90,0,75
353,0,0,76,92,0,77
353,0,0,78,95,0,78
353,0,0,79,96,0,80
353,0,0,82,102,1,81
353,0,0,84,103,0,82
353,0,0,85,103,0,83
353,0,0,86,106,0,84
353,0,0,87,106,0,85
353,0,0,89,107,0,86
353,0,0,91,109,0,88
353,0,0,93,113,0,93
358,1,0,0,1,0,1
358,1,0,1,2,0,4
358,1,0,2,3,0,7
358,1,0,3,12,0,12
358,1,0,4,13,0,15
358,1,0,5,16,0,20
358,1,0,6,22,0,33
358,1,0,7,27,0,62
358,1,0,9,28,0,64
358,1,0,10,28,0,68
358,1,0,11,31,0,70
358,1,0,12,33,0,72
358,1,0,14,33,0,73
358,1,0,16,34,0,76
360,0,0,4,1,0,1
360,0,0,9,1,0,2
360,0,0,10,1,0,3
360,0,0,11,1,0,5
360,0,0,13,1,0,6
360,0,0,15,1,0,7
360,0,0,17,2,1,8
360,0,0,20,2,0,9
360,0,0,21,2,0,10
360,0,0,22,2,0,12
366,0,0,1,2,0,1
366,0,0,5,2,0,2
366,0,0,7,3,0,4
366,0,0,9,4,2,5
366,0,0,14,8,1,6
366,0,0,20,8,0,7
373,0,0,0,2,0,1
373,0,0,2,2,0,3
373,0,0,4,3,0,4
373,0,0,5,4,0,5
373,0,0,7,4,0,6
373,0,0,9,4,0,7
373,0,0,11,7,0,8
373,0,0,14,8,0,9
373,0,0,15,10,0,11
373,0,0,17,14,0,12
373,0,0,18,15,0,13
373,0,0,19,15,0,14
373,0,0,20,26,0,30
378,0,0,0,0,0,1
378,0,0,1,0,0,3
378,0,0,3,0,0,4
378,0,0,6,1,0,12
378,0,0,8,1,0,13
378,0,0,9,3,0,15
378,0,0,11,3,0,16
378,0,0,13,3,0,18
378,0,0,15,3,0,19
378,0,0,16,4,0,23
378,0,0,17,4,0,24
378,0,0,18,4,0,25
378,0,0,19,4,0,27
378,0,0,20,4,0,28
378,0,0,21,4,0,31
378,0,0,22,6,0,35
378,0,0,23,8,0,38
378,0,0,25,10,0,40
378,0,0,27,10,0,42
378,0,0,28,11,0,44
378,0,0,30,16,0,50
378,0,0,32,22,0,53
378,0,0,35,28,0,61
378,0,0,39,30,0,63
378,0,0,42,39,0,66
378,0,0,43,41,0,67
378,0,0,45,43,0,68
378,0,0,47,44,1,69
378,0,0,48,45,0,70
378,0,0,49,45,0,71
378,0,0,51,50,0,74
378,0,0,52,52,0,77
378,0,0,53,56,0,79
378,0,0,54,59,0,80
378,0,0,56,62,0,81
378,0,0,58,62,0,82
378,0,0,60,64,0,83
378,0,0,62,64,0,84
378,0,0,64,65,0,85
378,0,0,65,65,0,86
378,0,0,66,70,0,88
417,0,0,2,1,0,1
417,0,0,5,1,0,2
417,0,0,9,1,0,3
417,0,0,12,1,0,8
417,0,0,13,1,0,9
417,0,0,14,1,0,10
419,0,0,8,16,7,1
419,0,0,24,24,10,2
419,0,0,43,35,0,3
419,0,0,63,40,1,4
419,0,0,75,45,3,5
419,0,0,79,49,2,6
419,0,0,88,52,2,7
419,0,0,103,57,6,8
419,0,0,110,70,0,9
419,0,0,113,72,1,10
419,0,0,116,73,0,11
419,0,0,118,105,5,14
419,0,0,119,110,0,15
419,0,0,121,122,8,16
419,0,0,124,130,0,17
419,0,0,127,142,1,18
419,0,0,134,189,7,22
419,0,0,141,190,1,23
419,0,0,144,195,2,24
419,0,0,146,213,0,26
419,0,0,150,225,3,28
419,0,0,153,252,0,35
428,0,0,2,5,0,1
428,0,0,4,9,0,11
428,0,0,7,9,0,12
428,0,0,10,9,0,13
428,0,0,12,10,1,14
428,0,0,15,10,0,15
428,0,0,16,13,0,17
428,0,0,17,13,0,18
428,0,0,19,13,0,19
428,0,0,22,14,1,20
428,0,0,25,16,2,21
428,0,0,29,18,4,22
428,0,0,36,23,6,23
428,0,0,41,27,0,24
428,0,0,50,36,0,29
428,0,0,58,39,0,32
428,0,0,64,40,4,33
428,0,0,70,43,0,34
428,0,0,72,49,0,35
428,0,0,74,52,0,36
428,0,0,77,53,1,37
428,0,0,82,55,0,39
428,0,0,85,58,0,40
428,0,0,87,58,0,43
428,0,0,90,60,0,44
428,0,0,93,65,2,45
428,0,0,97,76,5,46
428,0,0,99,80,0,47
428,0,0,102,80,0,48
428,0,0,105,82,2,49
428,0,0,109,87,3,50
428,0,0,112,93,2,51
428,0,0,113,101,0,53
428,0,0,118,108,1,55
428,0,0,122,112,0,56
428,0,0,125,128,1,57
428,0,0,131,135,8,58
428,0,0,138,150,13,59
428,0,0,146,165,5,60
428,0,0,153,174,16,61
428,0,0,158,200,17,62
428,0,0,163,231,5,63
428,0,0,166,237,5,64
428,0,0,171,244,5,65
428,0,0,180,249,2,66
428,0,0,189,251,1,67
428,0,0,209,276,32,68
428,0,0,237,288,6,69
428,0,0,252,296,7,70
428,0,0,255,302,0,71
428,0,0,258,312,4,72
428,0,0,262,318,3,73
428,0,0,265,323,1,74
428,0,0,281,324,2,75
428,0,0,296,328,0,76
428,0,0,299,330,0,77
428,0,0,305,336,4,78
428,0,0,309,340,4,79
428,0,0,311,346,0,80
428,0,0,312,350,0,81
430,0,0,2,10,1,1
430,0,0,5,11,0,3
430,0,0,6,14,0,5
430,0,0,7,15,0,6
430,0,0,9,16,0,8
430,0,0,11,16,0,9
430,0,0,13,16,0,10
430,0,0,14,20,0,12
430,0,0,15,20,0,14
430,0,0,16,20,0,15
430,0,0,17,21,0,17
430,0,0,19,24,0,20
430,0,0,21,24,0,21
430,0,0,23,27,0,32
430,0,0,25,29,0,34
430,0,0,26,31,0,35
430,0,0,27,32,0,36
430,0,0,29,40,0,43
430,0,0,30,41,0,44
430,0,0,32,46,7,47
430,0,0,35,52,1,49
430,0,0,37,55,2,51
430,0,0,40,56,0,53
430,0,0,43,56,0,54
430,0,0,47,56,0,55
430,0,0,50,58,0,57
430,0,0,53,58,0,59
434,0,0,1,0,0,1
434,0,0,4,1,0,2
434,0,0,5,9,0,7
434,0,0,6,9,0,8
434,0,0,7,10,0,14
434,0,0,9,11,0,16
434,0,0,10,11,0,17
435,0,0,2,7,2,1
435,0,0,6,8,0,2
435,0,0,9,8,0,3
435,0,0,10,8,0,4
435,0,0,12,8,0,5
435,0,0,14,8,0,6
435,0,0,16,8,0,7
441,0,0,1,1,0,1
441,0,0,2,1,0,2
441,0,0,4,1,0,4
441,0,0,7,1,0,7
441,0,0,8,1,0,14
441,0,0,9,1,0,15
441,0,0,10,1,0,25
441,0,0,11,1,0,27
441,0,0,12,1,0,28
441,0,0,15,1,0,30
441,0,0,17,1,0,32
441,0,0,18,1,0,36
443,0,0,1,6,0,1
443,0,0,2,11,0,4
443,0,0,3,17,0,16
443,0,0,4,18,0,17
443,0,0,6,18,0,18
443,0,0,11,19,0,20
443,0,0,17,20,0,21
443,0,0,19,28,0,29
443,0,0,20,29,0,31
443,0,0,21,32,0,38
443,0,0,22,33,0,40
443,0,0,24,33,0,41
443,0,0,27,38,0,45
443,0,0,29,44,0,47
443,0,0,30,44,0,49
443,0,0,32,49,3,54
443,0,0,34,51,0,55
443,0,0,36,53,0,56
443,0,0,38,55,0,60
443,0,0,39,57,0,61
443,0,0,40,64,0,64
443,0,0,42,66,0,67
443,0,0,43,68,0,69
443,0,0,45,88,1,79
443,0,0,46,96,0,83
443,0,0,47,109,0,88
443,0,0,48,114,0,90
443,0,0,50,119,0,92
443,0,0,51,128,0,96
443,0,0,53,140,0,101
443,0,0,55,140,0,102
443,0,0,56,144,0,106
443,0,0,57,145,0,108
443,0,0,58,149,0,113
443,0,0,59,149,0,114
454,0,0,0,1,0,1
454,0,0,1,1,0,2
454,0,0,3,1,0,4
454,0,0,5,2,0,11
454,0,0,7,5,0,15
454,0,0,8,7,0,17
454,0,0,11,7,0,20
454,0,0,15,8,0,36
454,0,0,18,8,0,39
454,0,0,20,8,0,40
454,0,0,21,10,0,43
454,0,0,23,11,0,45
454,0,0,25,11,0,48
454,0,0,27,11,0,52
454,0,0,30,12,0,53
454,0,0,33,13,0,54
454,0,0,37,13,0,55
454,0,0,40,13,0,56
454,0,0,41,13,0,57
454,0,0,42,14,0,60
454,0,0,44,15,1,62
454,0,0,46,15,0,63
454,0,0,47,15,0,65
454,0,0,51,18,0,69
454,0,0,54,18,0,72
454,0,0,56,19,0,76
454,0,0,57,20,0,82
454,0,0,60,22,0,84
454,0,0,62,23,0,86
454,0,0,63,25,0,89
454,0,0,65,25,0,90
454,0,0,67,26,0,91
454,0,0,68,37,0,92
454,0,0,70,56,5,95
454,0,0,71,61,0,96
454,0,0,73,68,0,99
454,0,0,76,69,0,100
454,0,0,78,70,0,101
454,0,0,79,73,0,108
456,0,0,0,2,0,1
456,0,0,2,6,0,40
456,0,0,5,6,0,41
456,0,0,6,6,0,42
458,0,0,2,2,0,1
458,0,0,4,6,0,3
458,0,0,6,10,0,7
458,0,0,8,10,0,9
458,0,0,10,12,1,10
458,0,0,11,13,0,15
458,0,0,12,17,0,22
458,0,0,13,32,0,37
458,0,0,15,33,0,38
458,0,0,17,36,0,47
458,0,0,18,38,0,48
458,0,0,20,39,1,49
458,0,0,21,40,0,50
458,0,0,23,46,0,53
458,0,0,24,58,0,56
458,0,0,27,71,3,59
458,0,0,30,79,5,60
458,0,0,31,93,0,64
458,0,0,35,96,0,65
458,0,0,39,105,0,66
458,0,0,40,109,0,67
458,0,0,42,113,0,68
458,0,0,43,115,0,69
458,0,0,45,119,0,71
458,0,0,49,122,0,72
458,0,0,51,124,0,74
458,0,0,52,127,0,75
464,1,0,1,0,0,1
464,1,0,4,0,0,2
464,1,0,8,1,0,19
464,1,0,12,1,0,20
464,1,0,16,2,0,26
464,1,0,20,4,0,30
464,1,0,21,5,0,32
464,1,0,22,8,0,38
464,1,0,25,11,0,40
464,1,0,28,14,1,41
464,1,0,30,14,0,42
464,1,0,31,17,0,43
464,1,0,32,21,0,51
464,1,0,34,23,0,56
464,1,0,41,25,1,57
464,1,0,48,30,0,58
464,1,0,49,31,0,59
464,1,0,51,33,0,61
464,1,0,59,34,0,65
464,1,0,68,35,2,66
464,1,0,69,36,0,67
464,1,0,70,42,0,68
464,1,0,73,49,3,71
464,1,0,75,50,0,73
464,1,0,77,50,0,81
464,1,0,83,50,0,82
464,1,0,90,51,0,83
464,1,0,92,51,0,84
464,1,0,93,51,0,85
464,1,0,95,52,0,88
464,1,0,99,53,0,92
470,0,0,1,0,0,1
470,0,0,3,5,0,11
470,0,0,4,27,0,16
470,0,0,11,31,7,17
470,0,0,24,40,4,18
470,0,0,32,47,0,19
470,0,0,33,65,0,23
470,0,0,34,68,0,24
470,0,0,36,148,1,31
487,0,0,1,0,0,1
487,0,0,5,4,2,2
487,0,0,10,9,3,3
487,0,0,18,13,4,4
487,0,0,25,15,2,5
487,0,0,30,16,0,6
487,0,0,33,19,3,7
487,0,0,36,22,3,8
487,0,0,40,29,4,9
487,0,0,52,44,16,10
487,0,0,63,54,2,11
487,0,0,67,57,3,12
487,0,0,70,59,0,13
487,0,0,73,61,2,14
487,0,0,78,69,4,15
487,0,0,83,73,5,16
494,0,0,15,11,14,1
494,0,0,45,29,22,2
494,0,0,73,55,22,3
494,0,0,100,79,27,4
494,0,0,125,100,23,5
494,0,0,159,144,48,6
494,0,0,199,187,38,7
494,0,0,224,221,31,8
494,0,0,239,243,16,9
494,0,0,251,269,19,10
494,0,0,260,304,24,11
494,0,0,265,344,42,12
494,0,0,272,383,11,13
494,0,0,283,400,10,14
494,0,0,302,436,49,15
494,0,0,320,478,31,16
500,0,0,1,0,0,1
500,0,0,4,0,0,2
500,0,0,5,2,0,8
500,0,0,7,2,0,12
500,0,0,10,4,4,14
500,0,0,11,6,0,19
500,0,0,12,10,0,31
500,0,0,13,15,0,37
500,0,0,14,16,0,50
500,0,0,16,19,0,62
500,0,0,17,19,0,63
500,0,0,18,25,0,67
500,0,0,20,31,1,77
500,0,0,23,32,0,78
517,0,0,5,7,8,1
517,0,0,14,14,4,2
517,0,0,24,21,6,3
517,0,0,37,27,6,4
517,0,0,47,31,1,5
517,0,0,56,32,2,6
517,0,0,66,36,7,7
517,0,0,77,50,7,8
517,0,0,88,56,6,9
517,0,0,97,70,15,10
517,0,0,103,85,1,12
517,0,0,105,86,0,13
517,0,0,110,89,2,14
517,0,0,116,94,3,15
517,0,0,126,97,4,16
521,0,0,2,19,1,1
521,0,0,8,24,8,2
521,0,0,12,37,2,3
521,0,0,17,40,2,4
521,0,0,20,41,0,5
521,0,0,23,44,2,6
521,0,0,29,48,4,7
521,0,0,36,56,1,8
521,0,0,41,57,1,9
521,0,0,44,57,0,10
521,0,0,48,61,5,11
521,0,0,51,65,0,12
529,0,0,0,4,0,1
529,0,0,1,4,0,2
529,0,0,3,4,0,3
529,0,0,5,5,0,4
529,0,0,7,9,1,7
529,0,0,8,9,0,8
529,0,0,9,9,0,9
529,0,0,11,10,0,10
529,0,0,14,21,2,11
529,0,0,17,22,0,12
529,0,0,19,28,0,14
529,0,0,20,31,0,16
529,0,0,21,33,0,17
529,0,0,22,36,0,20
529,0,0,24,46,0,24
529,0,0,25,57,0,26
529,0,0,27,59,0,28
529,0,0,29,63,2,29
529,0,0,32,67,6,30
529,0,0,33,77,0,32
529,0,0,35,79,2,33
529,0,0,38,84,0,34
529,0,0,39,84,0,35
529,0,0,40,109,0,40
529,0,0,41,141,0,42
529,0,0,42,184,0,45
529,0,0,43,308,0,60
531,0,0,1,37,0,1
531,0,0,3,39,0,2
531,0,0,5,42,0,3
531,0,0,8,51,4,4
531,0,0,10,67,0,5
531,0,0,12,77,6,7
531,0,0,14,95,1,9
531,0,0,16,98,4,10
531,0,0,17,100,0,11
531,0,0,19,107,2,12
531,0,0,20,108,0,13
531,0,0,22,113,0,15
531,0,0,24,125,0,19
531,0,0,25,130,0,20
531,0,0,26,133,0,21
531,0,0,27,138,0,23
531,0,0,28,148,0,25
531,0,0,30,158,2,27
531,0,0,33,162,0,28
531,0,0,35,172,2,30
531,0,0,36,181,0,32
531,0,0,37,192,0,34
531,0,0,38,203,0,35
531,0,0,41,208,3,37
531,0,0,44,210,0,38
531,0,0,46,211,2,39
531,0,0,48,215,0,43
534,0,0,2,1,1,1
534,0,0,6,2,0,2
534,0,0,7,2,0,3
535,1,0,1,0,0,1
535,1,0,2,0,0,4
535,1,0,4,4,3,7
535,1,0,24,17,18,8
535,1,0,64,38,25,9
535,1,0,103,56,17,10
535,1,0,132,87,22,11
535,1,0,155,105,18,12
535,1,0,187,127,26,13
535,1,0,207,144,0,14
535,1,0,213,152,6,16
535,1,0,238,166,17,17
535,1,0,275,183,13,18
535,1,0,315,194,13,19
535,1,0,342,211,17,20
535,1,0,351,239,18,21
535,1,0,369,254,17,22
535,1,0,394,271,6,23
541,0,0,0,2,0,1
541,0,0,1,3,0,8
541,0,0,3,3,0,10
541,0,0,5,7,0,11
541,0,0,8,11,0,14
541,0,0,10,11,0,15
541,0,0,11,15,0,20
541,0,0,13,23,0,27
541,0,0,14,29,0,34
541,0,0,16,37,1,40
541,0,0,17,38,0,41
541,0,0,18,44,0,42
541,0,0,19,59,0,46
541,0,0,21,97,0,49
541,0,0,23,99,0,51
541,0,0,24,100,0,52
552,0,0,0,0,0,1
552,0,0,1,0,0,3
552,0,0,3,0,0,6
552,0,0,4,0,0,10
552,0,0,5,0,0,11
552,0,0,6,0,0,14
552,0,0,8,0,0,15
552,0,0,10,0,0,16
552,0,0,11,0,0,17
552,0,0,13,0,0,20
552,0,0,15,0,0,21
552,0,0,17,0,0,22
552,0,0,21,0,0,23
554,0,0,0,0,0,1
554,0,0,1,0,0,5
554,0,0,3,0,0,6
554,0,0,4,1,0,8
554,0,0,5,12,0,16
556,0,0,0,2,0,1
556,0,0,1,2,0,5
556,0,0,2,2,0,7
556,0,0,4,2,0,8
556,0,0,5,3,0,9
556,0,0,7,4,0,11
556,0,0,8,4,0,18
559,0,0,0,0,0,1
559,0,0,1,0,0,2
559,0,0,2,1,0,5
559,0,0,4,4,2,7
559,0,0,5,8,0,11
561,0,0,1,2,0,1
561,0,0,4,2,0,2
561,0,0,7,5,0,3
561,0,0,10,8,0,4
561,0,0,13,9,0,5
561,0,0,14,14,0,6
561,0,0,19,17,4,7
561,0,0,25,23,3,8
561,0,0,31,26,4,9
561,0,0,37,29,1,10
561,0,0,39,30,1,11
561,0,0,41,34,0,12
562,0,0,1,4,0,1
562,0,0,2,5,0,3
562,0,0,3,6,0,4
562,0,0,4,6,0,5
562,0,0,7,8,0,7
562,0,0,9,13,0,8
562,0,0,12,14,0,9
562,0,0,14,14,0,10
562,0,0,16,16,0,12
562,0,0,18,16,0,13
562,0,0,19,16,0,14
562,0,0,20,17,0,15
562,0,0,22,26,0,20
562,0,0,23,28,0,21
562,0,0,24,43,0,23
562,0,0,26,52,0,26
562,0,0,27,65,0,29
562,0,0,29,72,0,30
562,0,0,30,75,0,31
562,0,0,32,84,4,33
563,0,0,0,27,0,1
563,0,0,2,34,2,2
563,0,0,3,39,0,7
563,0,0,6,44,1,9
563,0,0,9,50,0,13
564,0,0,2,1,0,1
564,0,0,4,1,0,2
564,0,0,8,2,3,9
564,0,0,12,4,0,10
564,0,0,14,4,0,11
564,0,0,15,5,0,16
564,0,0,17,5,0,18
564,0,0,19,5,0,21
564,0,0,23,6,1,22
564,0,0,25,6,0,24
564,0,0,27,8,0,25
564,0,0,28,14,0,29
565,0,0,1,0,0,1
565,0,0,2,5,0,4
565,0,0,3,5,0,5
565,0,0,6,5,0,6
565,0,0,9,6,0,7
565,0,0,11,8,0,10
565,0,0,12,10,0,15
565,0,0,13,13,0,16
565,0,0,15,19,0,19
570,0,0,0,0,0,1
570,0,0,2,1,0,14
570,0,0,4,1,0,23
571,0,0,0,0,0,1
571,0,0,1,3,0,5
571,0,0,2,4,0,6
571,0,0,3,6,0,8
571,0,0,5,8,1,9
577,1,0,1,1,0,1
577,1,0,2,2,0,3
577,1,0,3,2,0,4
577,1,0,4,2,0,5
577,1,0,5,2,0,8
577,1,0,7,2,0,16
577,1,0,8,2,0,18
577,1,0,9,2,0,19
588,0,0,1,0,0,1
588,0,0,2,0,0,2
588,0,0,4,0,0,12
588,0,0,6,0,0,14
588,0,0,8,0,0,18
591,0,0,0,0,0,1
591,0,0,1,0,0,2
591,0,0,2,0,0,4
591,0,0,4,0,0,6
591,0,0,5,0,0,8
592,1,0,0,0,0,1
592,1,0,3,2,2,2
592,1,0,7,5,2,3
592,1,0,10,14,1,4
592,1,0,12,19,3,5
592,1,0,14,24,6,6
592,1,0,19,32,8,7
592,1,0,23,44,0,8
592,1,0,24,49,0,9
592,1,0,26,52,4,10
592,1,0,30,63,4,12
592,1,0,33,67,0,13
592,1,0,35,68,0,14
592,1,0,40,71,3,15
592,1,0,44,75,1,16
592,1,0,46,77,3,17
595,1,0,3,5,5,1
595,1,0,7,9,5,2
595,1,0,9,16,0,3
595,1,0,12,18,0,4
595,1,0,16,20,2,5
595,1,0,20,22,1,6
595,1,0,23,22,0,7
595,1,0,24,22,0,8
597,0,0,0,0,0,1
597,0,0,2,0,0,4
597,0,0,6,1,0,7
597,0,0,12,1,0,8
597,0,0,16,1,0,10
597,0,0,20,2,0,11
597,0,0,23,4,0,12
597,0,0,26,4,0,13
597,0,0,32,5,0,14
597,0,0,44,7,0,16
597,0,0,53,8,1,17
597,0,0,57,9,1,18
597,0,0,63,11,0,20
597,0,0,67,16,2,22
597,0,0,69,19,1,28
597,0,0,70,19,0,31
597,0,0,71,19,0,33
597,0,0,74,21,0,37
597,0,0,78,21,0,38
597,0,0,80,23,0,40
597,0,0,83,25,2,41
597,0,0,87,27,3,42
597,0,0,89,29,0,43
597,0,0,91,43,2,47
597,0,0,95,50,0,49
597,0,0,99,51,1,51
597,0,0,102,58,0,53
597,0,0,103,58,0,54
597,0,0,104,60,0,55
597,0,0,105,62,0,57
597,0,0,107,66,3,58
597,0,0,113,69,2,59
597,0,0,118,72,0,60
597,0,0,119,73,0,61
597,0,0,121,73,0,62
597,0,0,123,79,1,64
597,0,0,125,83,1,65
597,0,0,130,85,3,66
597,0,0,134,88,0,67
597,0,0,135,88,0,68
597,0,0,138,101,4,70
597,0,0,144,106,2,72
597,0,0,149,115,1,73
597,0,0,151,130,0,76
597,0,0,153,130,0,77
597,0,0,154,131,0,79
597,0,0,155,133,0,80
597,0,0,161,139,14,81
597,0,0,168,151,3,82
597,0,0,171,154,0,83
597,0,0,177,161,1,84
597,0,0,183,163,4,85
597,0,0,188,170,4,86
597,0,0,194,184,11,87
597,0,0,201,199,3,88
597,0,0,205,212,1,89
597,0,0,212,217,1,90
597,0,0,219,219,1,91
597,0,0,226,233,11,92
597,0,0,238,239,5,93
597,0,0,249,244,5,94
597,0,0,260,254,2,95
597,0,0,276,256,2,96
597,0,0,286,259,0,97
597,0,0,293,263,4,98
597,0,0,301,269,1,99
597,0,0,322,274,7,100
597,0,0,347,279,2,101
597,0,0,365,283,3,102
597,0,0,377,288,2,103
597,0,0,380,294,0,104
597,0,0,385,297,2,105
597,0,0,394,301,5,106
597,0,0,411,304,2,107
597,0,0,431,305,0,108
597,0,0,440,308,2,109
597,0,0,447,309,1,110
597,0,0,453,309,0,111
604,0,0,1,0,0,1
604,0,0,6,8,7,2
604,0,0,15,16,6,3
604,0,0,22,24,7,4
604,0,0,29,30,1,5
604,0,0,37,44,5,6
604,0,0,44,49,8,7
604,0,0,51,56,4,8
604,0,0,58,60,0,9
604,0,0,61,61,1,10
604,0,0,64,61,0,11
604,0,0,66,61,0,12
604,0,0,70,61,0,13
604,0,0,75,62,0,14
604,0,0,77,64,0,15
604,0,0,79,66,1,16
610,0,0,0,6,0,1
610,0,0,2,6,0,2
610,0,0,3,6,0,3
610,0,0,4,8,0,6
616,0,0,1,0,0,1
616,0,0,2,0,0,5
616,0,0,4,0,0,6
622,1,0,0,7,0,1
622,1,0,2,7,0,3
622,1,0,4,7,0,4
622,1,0,6,7,0,5
622,1,0,7,9,0,7
622,1,0,8,13,0,9
622,1,0,10,13,0,10
622,1,0,12,15,1,11
622,1,0,13,15,0,13
622,1,0,14,17,0,14
622,1,0,15,18,0,15
622,1,0,18,20,0,16
622,1,0,20,28,0,17
622,1,0,22,28,0,19
622,1,0,26,30,1,20
622,1,0,29,30,0,21
622,1,0,31,33,1,22
622,1,0,34,35,1,23
622,1,0,38,35,0,24
622,1,0,42,36,0,25
622,1,0,43,36,0,26
622,1,0,46,36,0,27
622,1,0,48,36,0,28
622,1,0,50,37,1,29
622,1,0,51,40,0,31
622,1,0,52,41,0,33
622,1,0,53,42,0,34
622,1,0,55,44,1,35
622,1,0,59,46,3,36
622,1,0,61,54,0,42
622,1,0,62,58,0,43
622,1,0,63,67,0,44
622,1,0,64,76,0,45
622,1,0,65,86,0,47
622,1,0,67,88,1,48
626,0,0,0,5,0,1
626,0,0,2,10,1,2
626,0,0,5,11,0,3
626,0,0,7,11,0,4
626,0,0,9,14,0,9
626,0,0,11,16,1,10
626,0,0,12,16,0,11
626,0,0,14,27,11,14
626,0,0,16,30,0,15
626,0,0,17,40,0,18
626,0,0,18,42,0,20
626,0,0,21,47,3,21
626,0,0,25,54,7,22
626,0,0,29,71,1,24
626,0,0,31,73,1,25
626,0,0,33,73,0,27
626,0,0,34,84,0,31
626,0,0,35,85,0,32
626,0,0,37,87,0,33
626,0,0,38,91,0,38
626,0,0,39,100,0,43
626,0,0,40,105,0,45
643,0,0,6,11,15,1
643,0,0,17,23,4,2
643,0,0,27,29,6,3
643,0,0,40,45,12,4
643,0,0,52,56,12,5
643,0,0,65,65,8,6
643,0,0,74,78,7,7
643,0,0,79,85,5,8
643,0,0,84,87,2,9
643,0,0,90,97,7,10
643,0,0,95,104,6,11
643,0,0,99,114,5,12
643,0,0,111,119,7,13
643,0,0,124,125,1,14
644,0,0,0,0,0,1
644,0,0,1,0,0,34
644,0,0,2,0,0,39
644,0,0,4,0,0,41
649,0,0,4,7,16,1
649,0,0,14,26,8,2
649,0,0,24,39,22,3
649,0,0,33,59,4,4
649,0,0,38,77,2,5
649,0,0,42,80,3,6
649,0,0,43,85,0,7
649,0,0,44,88,0,8
649,0,0,48,93,2,9
649,0,0,53,98,2,10
649,0,0,57,105,6,11
649,0,0,66,113,3,12
649,0,0,78,117,4,13
655,0,0,1,5,0,1
655,0,0,4,5,0,3
655,0,0,8,5,0,4
655,0,0,10,5,0,5
655,0,0,11,5,0,6
655,0,0,12,5,0,7
655,0,0,13,5,0,9
655,0,0,14,5,0,10
655,0,0,16,5,0,11
655,0,0,18,8,0,20
655,0,0,19,8,0,23
655,0,0,21,8,0,25
655,0,0,24,8,0,26
655,0,0,31,8,0,27
655,0,0,47,9,0,29
655,0,0,62,10,0,30
655,0,0,69,10,0,31
655,0,0,73,13,0,33
655,0,0,85,15,2,34
655,0,0,97,17,1,35
655,0,0,99,19,0,36
655,0,0,104,24,3,37
655,0,0,111,25,1,38
655,0,0,124,38,17,39
655,0,0,138,61,0,40
655,0,0,146,63,3,41
655,0,0,156,68,6,42
655,0,0,162,77,0,43
655,0,0,164,78,1,44
655,0,0,166,83,0,46
655,0,0,169,85,2,47
655,0,0,179,89,1,48
655,0,0,189,91,3,49
655,0,0,193,93,0,50
655,0,0,194,106,0,54
655,0,0,197,113,4,56
655,0,0,200,121,0,57
655,0,0,202,125,0,58
659,1,0,3,25,0,1
659,1,0,8,26,1,3
659,1,0,11,31,2,4
659,1,0,13,36,0,6
659,1,0,15,39,2,7
659,1,0,17,40,0,8
659,1,0,19,58,0,11
659,1,0,21,61,1,12
659,1,0,23,63,1,13
659,1,0,24,65,0,15
659,1,0,27,65,0,16
659,1,0,31,69,1,17
659,1,0,34,72,0,18
659,1,0,37,77,2,19
659,1,0,40,78,0,20
659,1,0,41,100,0,21
659,1,0,42,107,0,22
659,1,0,46,115,1,23
659,1,0,50,120,10,24
659,1,0,51,129,0,25
659,1,0,54,147,4,29
659,1,0,61,150,3,30
659,1,0,67,156,2,31
676,0,0,5,7,0,1
676,0,0,15,7,0,2
676,0,0,22,10,1,3
676,0,0,24,11,0,4
676,0,0,26,14,2,5
676,0,0,28,14,0,6
676,0,0,38,19,0,8
676,0,0,57,21,1,9
676,0,0,72,22,1,10
676,0,0,80,23,2,11
676,0,0,82,26,0,12
676,0,0,84,32,0,13
676,0,0,86,33,1,14
676,0,0,90,36,0,15
682,0,0,1,1,1,1
682,0,0,3,1,0,2
682,0,0,4,1,0,3
682,0,0,7,1,0,4
682,0,0,10,1,0,5
682,0,0,13,3,4,6
682,0,0,17,6,1,7
682,0,0,20,8,0,8
685,0,0,0,1,0,1
685,0,0,1,1,0,6
685,0,0,2,1,0,9
685,0,0,3,2,0,23
685,0,0,4,2,0,24
685,0,0,5,2,0,30
689,0,0,0,0,0,1
689,0,0,3,2,2,4
689,0,0,6,5,0,10
689,0,0,7,6,0,22
689,0,0,8,6,0,31
689,0,0,12,12,1,46
689,0,0,18,16,10,58
689,0,0,26,25,0,63
689,0,0,27,29,0,75
690,0,0,3,4,5,1
690,0,0,7,6,0,2
690,0,0,11,7,0,3
690,0,0,16,7,0,4
690,0,0,21,7,0,5
691,0,0,1,4,0,1
691,0,0,3,4,0,9
691,0,0,4,4,0,19
691,0,0,5,4,0,21
691,0,0,7,7,0,27
691,0,0,8,7,0,29
692,0,0,3,0,0,1
692,0,0,11,0,0,5
692,0,0,18,2,0,8
699,0,0,2,1,1,1
699,0,0,6,1,0,2
699,0,0,7,1,0,4
699,0,0,11,1,0,5
699,0,0,14,3,0,8
699,0,0,16,4,0,9
699,0,0,17,5,0,11
711,0,0,1,4,0,1
711,0,0,3,4,0,3
711,0,0,4,4,0,14
711,0,0,5,4,0,16
740,0,0,3,0,0,1
748,0,0,2,1,0,1
748,0,0,5,2,0,3
750,0,0,0,0,0,1
750,0,0,3,2,1,5
750,0,0,8,2,0,6
750,0,0,13,5,2,7
750,0,0,17,10,0,8
750,0,0,20,15,7,9
750,0,0,31,23,3,10
750,0,0,46,29,5,11
750,0,0,55,34,4,12
750,0,0,62,38,9,13
750,0,0,68,49,3,14
750,0,0,74,58,3,15
750,0,0,84,62,8,16
750,0,0,92,72,6,17
750,0,0,99,78,5,18
750,0,0,110,85,9,19
750,0,0,118,103,6,20
750,0,0,123,108,8,21
750,0,0,131,121,5,22
750,0,0,144,151,39,23
750,0,0,155,170,7,24
750,0,0,163,192,8,25
750,0,0,175,202,7,26
750,0,0,183,211,2,27
750,0,0,190,219,3,28
750,0,0,197,237,23,29
750,0,0,205,258,13,30
750,0,0,211,271,9,31
750,0,0,217,292,7,32
750,0,0,226,300,9,33
750,0,0,233,311,7,34
750,0,0,241,328,25,35
750,0,0,248,346,12,36
750,0,0,260,356,4,37
750,0,0,272,368,5,38
750,0,0,277,374,6,39
750,0,0,281,386,13,40
750,0,0,285,399,8,41
750,0,0,289,418,9,42
750,0,0,297,426,7,43
750,0,0,304,441,10,44
750,0,0,310,451,6,45
750,0,0,314,460,3,46
750,0,0,317,466,0,47
750,0,0,320,475,6,48
750,0,0,322,479,0,49
750,0,0,324,504,10,50
750,0,0,326,520,5,51
750,0,0,329,534,10,52
750,0,0,332,544,0,53
750,0,0,334,556,2,54
750,0,0,336,565,4,55
750,0,0,340,579,2,57
750,0,0,346,583,3,58
750,0,0,351,586,1,59
750,0,0,355,589,5,60
750,0,0,357,593,0,61
750,0,0,360,598,3,62
750,0,0,365,600,0,63
750,0,0,369,602,1,64
750,0,0,372,607,4,65
750,0,0,375,618,6,67
750,0,0,378,623,0,68
750,0,0,382,642,1,72
750,0,0,385,649,2,73
750,0,0,388,661,4,74
750,0,0,390,672,1,75
750,0,0,392,677,1,76
750,0,0,394,703,11,78
750,0,0,400,720,19,79
750,0,0,410,742,14,80
750,0,0,417,751,7,81
750,0,0,422,782,2,83
750,0,0,424,784,0,84
750,0,0,437,790,4,85
750,0,0,454,795,8,86
750,0,0,465,811,9,87
750,0,0,472,825,0,88
750,0,0,476,827,3,89
750,0,0,479,840,0,90
750,0,0,481,845,0,92
750,0,0,483,847,0,93
750,0,0,484,857,0,96
750,0,0,486,862,0,97
750,0,0,487,863,0,99
750,0,0,488,867,0,100
750,0,0,489,870,0,102
750,0,0,490,872,0,106
793,0,0,1,0,0,1
793,0,0,3,0,0,2
793,0,0,4,1,0,8
793,0,0,5,4,0,17
793,0,0,6,4,0,18
793,0,0,8,5,0,20
793,0,0,10,13,1,21
793,0,0,13,17,2,22
793,0,0,16,26,0,23
793,0,0,18,43,0,37
793,0,0,19,57,0,58
793,0,0,20,58,0,89
793,0,0,21,61,0,90
793,0,0,22,63,0,91
793,0,0,24,63,0,92
793,0,0,25,67,0,95
793,0,0,26,69,0,98
793,0,0,27,83,0,103
793,0,0,28,90,0,109
793,0,0,29,98,0,110
793,0,0,30,100,0,111
805,0,0,0,21,0,1
805,0,0,1,27,0,3
805,0,0,3,82,0,5
805,0,0,31,110,10,6
805,0,0,65,122,1,7
805,0,0,81,150,9,8
805,0,0,116,168,10,9
805,0,0,154,190,15,11
805,0,0,188,202,16,12
805,0,0,214,216,4,13
805,0,0,230,225,17,14
805,0,0,243,242,0,15
805,0,0,270,256,19,16
805,0,0,301,272,10,17
805,0,0,312,280,1,18
805,0,0,320,286,0,19
805,0,0,329,293,6,20
805,0,0,344,303,6,21
805,0,0,355,306,0,22
805,0,0,358,308,1,23
805,0,0,365,313,7,24
805,0,0,372,315,0,25
808,0,0,12,31,24,1
808,0,0,29,66,28,2
808,0,0,42,92,20,3
808,0,0,51,156,11,4
808,0,0,58,192,18,5
808,0,0,64,222,14,6
808,0,0,69,240,18,7
808,0,0,74,259,5,8
808,0,0,82,275,30,9
808,0,0,91,313,17,10
808,0,0,98,342,5,11
808,0,0,105,361,7,12
808,0,0,110,380,0,13
808,0,0,111,382,0,14
808,0,0,113,401,3,15
808,0,0,115,411,0,16
808,0,0,117,411,0,17
808,0,0,120,413,2,18
808,0,0,122,413,0,19
808,0,0,123,413,0,21
824,0,0,1,46,29,1
824,0,0,2,115,0,7
824,0,0,4,135,7,8
824,0,0,5,149,0,10
824,0,0,9,155,3,11
824,0,0,13,157,0,13
824,0,0,15,157,0,14
824,0,0,18,157,0,15
824,0,0,20,160,0,16
830,0,0,0,0,0,1
830,0,0,2,1,0,2
830,0,0,5,2,0,3
846,0,0,2,2,0,1
846,0,0,5,2,0,2
846,0,0,7,2,0,5
846,0,0,9,2,0,6
846,0,0,11,3,0,7
846,0,0,13,3,0,8
